,county,state,GeoFips
0,Autauga,AL,01001
1,Baldwin,AL,01003
2,Barbour,AL,01005
3,Bibb,AL,01007
4,Blount,AL,01009
5,Bullock,AL,01011
6,Butler,AL,01013
7,Calhoun,AL,01015
8,Chambers,AL,01017
9,Cherokee,AL,01019
10,Chilton,AL,01021
11,Choctaw,AL,01023
12,Clarke,AL,01025
13,Clay,AL,01027
14,Cleburne,AL,01029
15,Coffee,AL,01031
16,Colbert,AL,01033
17,Conecuh,AL,01035
18,Coosa,AL,01037
19,Covington,AL,01039
20,Crenshaw,AL,01041
21,Cullman,AL,01043
22,Dale,AL,01045
23,Dallas,AL,01047
24,DeKalb,AL,01049
25,Elmore,AL,01051
26,Escambia,AL,01053
27,Etowah,AL,01055
28,Fayette,AL,01057
29,Franklin,AL,01059
30,Geneva,AL,01061
31,Greene,AL,01063
32,Hale,AL,01065
33,Henry,AL,01067
34,Houston,AL,01069
35,Jackson,AL,01071
36,Jefferson,AL,01073
37,Lamar,AL,01075
38,Lauderdale,AL,01077
39,Lawrence,AL,01079
40,Lee,AL,01081
41,Limestone,AL,01083
42,Lowndes,AL,01085
43,Macon,AL,01087
44,Madison,AL,01089
45,Marengo,AL,01091
46,Marion,AL,01093
47,Marshall,AL,01095
48,Mobile,AL,01097
49,Monroe,AL,01099
50,Montgomery,AL,01101
51,Morgan,AL,01103
52,Perry,AL,01105
53,Pickens,AL,01107
54,Pike,AL,01109
55,Randolph,AL,01111
56,Russell,AL,01113
57,St. Clair,AL,01115
58,Shelby,AL,01117
59,Sumter,AL,01119
60,Talladega,AL,01121
61,Tallapoosa,AL,01123
62,Tuscaloosa,AL,01125
63,Walker,AL,01127
64,Washington,AL,01129
65,Wilcox,AL,01131
66,Winston,AL,01133
67,Aleutian Islands Census Area,AK,02010
68,Aleutians East Borough,AK,02013
69,Aleutians West Census Area,AK,02016
70,Anchorage Municipality,AK,02020
71,Bethel Census Area,AK,02050
72,Bristol Bay Borough,AK,02060
73,Chugach Census Area,AK,02063
74,Copper River Census Area,AK,02066
75,Denali Borough,AK,02068
76,Dillingham Census Area,AK,02070
77,Fairbanks North Star Borough,AK,02090
78,Haines Borough,AK,02100
79,Hoonah-Angoon Census Area,AK,02105
80,Juneau City and Borough,AK,02110
81,Kenai Peninsula Borough,AK,02122
82,Ketchikan Gateway Borough,AK,02130
83,Kodiak Island Borough,AK,02150
84,Kusilvak Census Area,AK,02158
85,Lake and Peninsula Borough,AK,02164
86,Matanuska-Susitna Borough,AK,02170
87,Nome Census Area,AK,02180
88,North Slope Borough,AK,02185
89,Northwest Arctic Borough,AK,02188
90,Petersburg Borough,AK,02195
91,Prince of Wales-Hyder Census Area,AK,02198
92,Prince of Wales-Outer Ketchikan Census Area,AK,02201
93,Sitka City and Borough,AK,02220
94,Skagway Municipality,AK,02230
95,Skagway-Yakutat-Angoon Census Area,AK,02231
96,Skagway-Hoonah-Angoon Census Area,AK,02232
97,Southeast Fairbanks Census Area,AK,02240
98,Valdez-Cordova Census Area,AK,02261
99,Wrangell City and Borough,AK,02275
100,Wrangell-Petersburg Census Area,AK,02280
101,Yakutat City and Borough,AK,02282
102,Yukon-Koyukuk Census Area,AK,02290
103,Aleutian Islands Division,AK,02901
104,Angoon Division,AK,02903
105,Barrow-North Slope Division,AK,02904
106,Bethel Division,AK,02905
107,Bristol Bay Division,AK,02907
108,Cordova-McCarthy Division,AK,02908
109,Haines Division,AK,02910
110,Kenai-Cook Inlet Division,AK,02912
111,Kuskokwim Division,AK,02916
112,Outer Ketchikan Division,AK,02919
113,Prince of Wales Division,AK,02920
114,Seward Division,AK,02921
115,Sitka Division,AK,02922
116,Skagway-Yakutat Division,AK,02923
117,Southeast Fairbanks Division,AK,02924
118,Upper Yukon Division,AK,02925
119,Valdez-Chitina-Whittier Division,AK,02926
120,Wrangell-Petersburg Division,AK,02928
121,Yukon-Koyukuk Division,AK,02929
122,Apache,AZ,04001
123,Cochise,AZ,04003
124,Coconino,AZ,04005
125,Gila,AZ,04007
126,Graham,AZ,04009
127,Greenlee,AZ,04011
128,La Paz,AZ,04012
129,Maricopa,AZ,04013
130,Mohave,AZ,04015
131,Navajo,AZ,04017
132,Pima,AZ,04019
133,Pinal,AZ,04021
134,Santa Cruz,AZ,04023
135,Yavapai,AZ,04025
136,Yuma,AZ,04027
137,Arkansas,AR,05001
138,Ashley,AR,05003
139,Baxter,AR,05005
140,Benton,AR,05007
141,Boone,AR,05009
142,Bradley,AR,05011
143,Calhoun,AR,05013
144,Carroll,AR,05015
145,Chicot,AR,05017
146,Clark,AR,05019
147,Clay,AR,05021
148,Cleburne,AR,05023
149,Cleveland,AR,05025
150,Columbia,AR,05027
151,Conway,AR,05029
152,Craighead,AR,05031
153,Crawford,AR,05033
154,Crittenden,AR,05035
155,Cross,AR,05037
156,Dallas,AR,05039
157,Desha,AR,05041
158,Drew,AR,05043
159,Faulkner,AR,05045
160,Franklin,AR,05047
161,Fulton,AR,05049
162,Garland,AR,05051
163,Grant,AR,05053
164,Greene,AR,05055
165,Hempstead,AR,05057
166,Hot Spring,AR,05059
167,Howard,AR,05061
168,Independence,AR,05063
169,Izard,AR,05065
170,Jackson,AR,05067
171,Jefferson,AR,05069
172,Johnson,AR,05071
173,Lafayette,AR,05073
174,Lawrence,AR,05075
175,Lee,AR,05077
176,Lincoln,AR,05079
177,Little River,AR,05081
178,Logan,AR,05083
179,Lonoke,AR,05085
180,Madison,AR,05087
181,Marion,AR,05089
182,Miller,AR,05091
183,Mississippi,AR,05093
184,Monroe,AR,05095
185,Montgomery,AR,05097
186,Nevada,AR,05099
187,Newton,AR,05101
188,Ouachita,AR,05103
189,Perry,AR,05105
190,Phillips,AR,05107
191,Pike,AR,05109
192,Poinsett,AR,05111
193,Polk,AR,05113
194,Pope,AR,05115
195,Prairie,AR,05117
196,Pulaski,AR,05119
197,Randolph,AR,05121
198,St. Francis,AR,05123
199,Saline,AR,05125
200,Scott,AR,05127
201,Searcy,AR,05129
202,Sebastian,AR,05131
203,Sevier,AR,05133
204,Sharp,AR,05135
205,Stone,AR,05137
206,Union,AR,05139
207,Van Buren,AR,05141
208,Washington,AR,05143
209,White,AR,05145
210,Woodruff,AR,05147
211,Yell,AR,05149
212,Alameda,CA,06001
213,Alpine,CA,06003
214,Amador,CA,06005
215,Butte,CA,06007
216,Calaveras,CA,06009
217,Colusa,CA,06011
218,Contra Costa,CA,06013
219,Del Norte,CA,06015
220,El Dorado,CA,06017
221,Fresno,CA,06019
222,Glenn,CA,06021
223,Humboldt,CA,06023
224,Imperial,CA,06025
225,Inyo,CA,06027
226,Kern,CA,06029
227,Kings,CA,06031
228,Lake,CA,06033
229,Lassen,CA,06035
230,Los Angeles,CA,06037
231,Madera,CA,06039
232,Marin,CA,06041
233,Mariposa,CA,06043
234,Mendocino,CA,06045
235,Merced,CA,06047
236,Modoc,CA,06049
237,Mono,CA,06051
238,Monterey,CA,06053
239,Napa,CA,06055
240,Nevada,CA,06057
241,Orange,CA,06059
242,Placer,CA,06061
243,Plumas,CA,06063
244,Riverside,CA,06065
245,Sacramento,CA,06067
246,San Benito,CA,06069
247,San Bernardino,CA,06071
248,San Diego,CA,06073
249,San Francisco,CA,06075
250,San Joaquin,CA,06077
251,San Luis Obispo,CA,06079
252,San Mateo,CA,06081
253,Santa Barbara,CA,06083
254,Santa Clara,CA,06085
255,Santa Cruz,CA,06087
256,Shasta,CA,06089
257,Sierra,CA,06091
258,Siskiyou,CA,06093
259,Solano,CA,06095
260,Sonoma,CA,06097
261,Stanislaus,CA,06099
262,Sutter,CA,06101
263,Tehama,CA,06103
264,Trinity,CA,06105
265,Tulare,CA,06107
266,Tuolumne,CA,06109
267,Ventura,CA,06111
268,Yolo,CA,06113
269,Yuba,CA,06115
270,Adams,CO,08001
271,Alamosa,CO,08003
272,Arapahoe,CO,08005
273,Archuleta,CO,08007
274,Baca,CO,08009
275,Bent,CO,08011
276,Boulder,CO,08013
277,Broomfield,CO,08014
278,Chaffee,CO,08015
279,Cheyenne,CO,08017
280,Clear Creek,CO,08019
281,Conejos,CO,08021
282,Costilla,CO,08023
283,Crowley,CO,08025
284,Custer,CO,08027
285,Delta,CO,08029
286,Denver,CO,08031
287,Dolores,CO,08033
288,Douglas,CO,08035
289,Eagle,CO,08037
290,Elbert,CO,08039
291,El Paso,CO,08041
292,Fremont,CO,08043
293,Garfield,CO,08045
294,Gilpin,CO,08047
295,Grand,CO,08049
296,Gunnison,CO,08051
297,Hinsdale,CO,08053
298,Huerfano,CO,08055
299,Jackson,CO,08057
300,Jefferson,CO,08059
301,Kiowa,CO,08061
302,Kit Carson,CO,08063
303,Lake,CO,08065
304,La Plata,CO,08067
305,Larimer,CO,08069
306,Las Animas,CO,08071
307,Lincoln,CO,08073
308,Logan,CO,08075
309,Mesa,CO,08077
310,Mineral,CO,08079
311,Moffat,CO,08081
312,Montezuma,CO,08083
313,Montrose,CO,08085
314,Morgan,CO,08087
315,Otero,CO,08089
316,Ouray,CO,08091
317,Park,CO,08093
318,Phillips,CO,08095
319,Pitkin,CO,08097
320,Prowers,CO,08099
321,Pueblo,CO,08101
322,Rio Blanco,CO,08103
323,Rio Grande,CO,08105
324,Routt,CO,08107
325,Saguache,CO,08109
326,San Juan,CO,08111
327,San Miguel,CO,08113
328,Sedgwick,CO,08115
329,Summit,CO,08117
330,Teller,CO,08119
331,Washington,CO,08121
332,Weld,CO,08123
333,Yuma,CO,08125
334,Fairfield,CT,09001
335,Hartford,CT,09003
336,Litchfield,CT,09005
337,Middlesex,CT,09007
338,New Haven,CT,09009
339,New London,CT,09011
340,Tolland,CT,09013
341,Windham,CT,09015
342,Kent,DE,10001
343,New Castle,DE,10003
344,Sussex,DE,10005
345,District of Columbia,DC,11001
346,Alachua,FL,12001
347,Baker,FL,12003
348,Bay,FL,12005
349,Bradford,FL,12007
350,Brevard,FL,12009
351,Broward,FL,12011
352,Calhoun,FL,12013
353,Charlotte,FL,12015
354,Citrus,FL,12017
355,Clay,FL,12019
356,Collier,FL,12021
357,Columbia,FL,12023
358,DeSoto,FL,12027
359,Dixie,FL,12029
360,Duval,FL,12031
361,Escambia,FL,12033
362,Flagler,FL,12035
363,Franklin,FL,12037
364,Gadsden,FL,12039
365,Gilchrist,FL,12041
366,Glades,FL,12043
367,Gulf,FL,12045
368,Hamilton,FL,12047
369,Hardee,FL,12049
370,Hendry,FL,12051
371,Hernando,FL,12053
372,Highlands,FL,12055
373,Hillsborough,FL,12057
374,Holmes,FL,12059
375,Indian River,FL,12061
376,Jackson,FL,12063
377,Jefferson,FL,12065
378,Lafayette,FL,12067
379,Lake,FL,12069
380,Lee,FL,12071
381,Leon,FL,12073
382,Levy,FL,12075
383,Liberty,FL,12077
384,Madison,FL,12079
385,Manatee,FL,12081
386,Marion,FL,12083
387,Martin,FL,12085
388,Miami-Dade,FL,12086
389,Monroe,FL,12087
390,Nassau,FL,12089
391,Okaloosa,FL,12091
392,Okeechobee,FL,12093
393,Orange,FL,12095
394,Osceola,FL,12097
395,Palm Beach,FL,12099
396,Pasco,FL,12101
397,Pinellas,FL,12103
398,Polk,FL,12105
399,Putnam,FL,12107
400,St. Johns,FL,12109
401,St. Lucie,FL,12111
402,Santa Rosa,FL,12113
403,Sarasota,FL,12115
404,Seminole,FL,12117
405,Sumter,FL,12119
406,Suwannee,FL,12121
407,Taylor,FL,12123
408,Union,FL,12125
409,Volusia,FL,12127
410,Wakulla,FL,12129
411,Walton,FL,12131
412,Washington,FL,12133
413,Appling,GA,13001
414,Atkinson,GA,13003
415,Bacon,GA,13005
416,Baker,GA,13007
417,Baldwin,GA,13009
418,Banks,GA,13011
419,Barrow,GA,13013
420,Bartow,GA,13015
421,Ben Hill,GA,13017
422,Berrien,GA,13019
423,Bibb,GA,13021
424,Bleckley,GA,13023
425,Brantley,GA,13025
426,Brooks,GA,13027
427,Bryan,GA,13029
428,Bulloch,GA,13031
429,Burke,GA,13033
430,Butts,GA,13035
431,Calhoun,GA,13037
432,Camden,GA,13039
433,Candler,GA,13043
434,Carroll,GA,13045
435,Catoosa,GA,13047
436,Charlton,GA,13049
437,Chatham,GA,13051
438,Chattahoochee,GA,13053
439,Chattooga,GA,13055
440,Cherokee,GA,13057
441,Clarke,GA,13059
442,Clay,GA,13061
443,Clayton,GA,13063
444,Clinch,GA,13065
445,Cobb,GA,13067
446,Coffee,GA,13069
447,Colquitt,GA,13071
448,Columbia,GA,13073
449,Cook,GA,13075
450,Coweta,GA,13077
451,Crawford,GA,13079
452,Crisp,GA,13081
453,Dade,GA,13083
454,Dawson,GA,13085
455,Decatur,GA,13087
456,DeKalb,GA,13089
457,Dodge,GA,13091
458,Dooly,GA,13093
459,Dougherty,GA,13095
460,Douglas,GA,13097
461,Early,GA,13099
462,Echols,GA,13101
463,Effingham,GA,13103
464,Elbert,GA,13105
465,Emanuel,GA,13107
466,Evans,GA,13109
467,Fannin,GA,13111
468,Fayette,GA,13113
469,Floyd,GA,13115
470,Forsyth,GA,13117
471,Franklin,GA,13119
472,Fulton,GA,13121
473,Gilmer,GA,13123
474,Glascock,GA,13125
475,Glynn,GA,13127
476,Gordon,GA,13129
477,Grady,GA,13131
478,Greene,GA,13133
479,Gwinnett,GA,13135
480,Habersham,GA,13137
481,Hall,GA,13139
482,Hancock,GA,13141
483,Haralson,GA,13143
484,Harris,GA,13145
485,Hart,GA,13147
486,Heard,GA,13149
487,Henry,GA,13151
488,Houston,GA,13153
489,Irwin,GA,13155
490,Jackson,GA,13157
491,Jasper,GA,13159
492,Jeff Davis,GA,13161
493,Jefferson,GA,13163
494,Jenkins,GA,13165
495,Johnson,GA,13167
496,Jones,GA,13169
497,Lamar,GA,13171
498,Lanier,GA,13173
499,Laurens,GA,13175
500,Lee,GA,13177
501,Liberty,GA,13179
502,Lincoln,GA,13181
503,Long,GA,13183
504,Lowndes,GA,13185
505,Lumpkin,GA,13187
506,McDuffie,GA,13189
507,McIntosh,GA,13191
508,Macon,GA,13193
509,Madison,GA,13195
510,Marion,GA,13197
511,Meriwether,GA,13199
512,Miller,GA,13201
513,Mitchell,GA,13205
514,Monroe,GA,13207
515,Montgomery,GA,13209
516,Morgan,GA,13211
517,Murray,GA,13213
518,Muscogee,GA,13215
519,Newton,GA,13217
520,Oconee,GA,13219
521,Oglethorpe,GA,13221
522,Paulding,GA,13223
523,Peach,GA,13225
524,Pickens,GA,13227
525,Pierce,GA,13229
526,Pike,GA,13231
527,Polk,GA,13233
528,Pulaski,GA,13235
529,Putnam,GA,13237
530,Quitman,GA,13239
531,Rabun,GA,13241
532,Randolph,GA,13243
533,Richmond,GA,13245
534,Rockdale,GA,13247
535,Schley,GA,13249
536,Screven,GA,13251
537,Seminole,GA,13253
538,Spalding,GA,13255
539,Stephens,GA,13257
540,Stewart,GA,13259
541,Sumter,GA,13261
542,Talbot,GA,13263
543,Taliaferro,GA,13265
544,Tattnall,GA,13267
545,Taylor,GA,13269
546,Telfair,GA,13271
547,Terrell,GA,13273
548,Thomas,GA,13275
549,Tift,GA,13277
550,Toombs,GA,13279
551,Towns,GA,13281
552,Treutlen,GA,13283
553,Troup,GA,13285
554,Turner,GA,13287
555,Twiggs,GA,13289
556,Union,GA,13291
557,Upson,GA,13293
558,Walker,GA,13295
559,Walton,GA,13297
560,Ware,GA,13299
561,Warren,GA,13301
562,Washington,GA,13303
563,Wayne,GA,13305
564,Webster,GA,13307
565,Wheeler,GA,13309
566,White,GA,13311
567,Whitfield,GA,13313
568,Wilcox,GA,13315
569,Wilkes,GA,13317
570,Wilkinson,GA,13319
571,Worth,GA,13321
572,Hawaii,HI,15001
573,Honolulu,HI,15003
574,Kauai,HI,15007
575,Maui + Kalawao,HI,15901
576,Ada,ID,16001
577,Adams,ID,16003
578,Bannock,ID,16005
579,Bear Lake,ID,16007
580,Benewah,ID,16009
581,Bingham,ID,16011
582,Blaine,ID,16013
583,Boise,ID,16015
584,Bonner,ID,16017
585,Bonneville,ID,16019
586,Boundary,ID,16021
587,Butte,ID,16023
588,Camas,ID,16025
589,Canyon,ID,16027
590,Caribou,ID,16029
591,Cassia,ID,16031
592,Clark,ID,16033
593,Clearwater,ID,16035
594,Custer,ID,16037
595,Elmore,ID,16039
596,Franklin,ID,16041
597,Fremont (includes Yellowstone Park),ID,16043
598,Gem,ID,16045
599,Gooding,ID,16047
600,Idaho,ID,16049
601,Jefferson,ID,16051
602,Jerome,ID,16053
603,Kootenai,ID,16055
604,Latah,ID,16057
605,Lemhi,ID,16059
606,Lewis,ID,16061
607,Lincoln,ID,16063
608,Madison,ID,16065
609,Minidoka,ID,16067
610,Nez Perce,ID,16069
611,Oneida,ID,16071
612,Owyhee,ID,16073
613,Payette,ID,16075
614,Power,ID,16077
615,Shoshone,ID,16079
616,Teton,ID,16081
617,Twin Falls,ID,16083
618,Valley,ID,16085
619,Washington,ID,16087
620,Adams,IL,17001
621,Alexander,IL,17003
622,Bond,IL,17005
623,Boone,IL,17007
624,Brown,IL,17009
625,Bureau,IL,17011
626,Calhoun,IL,17013
627,Carroll,IL,17015
628,Cass,IL,17017
629,Champaign,IL,17019
630,Christian,IL,17021
631,Clark,IL,17023
632,Clay,IL,17025
633,Clinton,IL,17027
634,Coles,IL,17029
635,Cook,IL,17031
636,Crawford,IL,17033
637,Cumberland,IL,17035
638,DeKalb,IL,17037
639,De Witt,IL,17039
640,Douglas,IL,17041
641,DuPage,IL,17043
642,Edgar,IL,17045
643,Edwards,IL,17047
644,Effingham,IL,17049
645,Fayette,IL,17051
646,Ford,IL,17053
647,Franklin,IL,17055
648,Fulton,IL,17057
649,Gallatin,IL,17059
650,Greene,IL,17061
651,Grundy,IL,17063
652,Hamilton,IL,17065
653,Hancock,IL,17067
654,Hardin,IL,17069
655,Henderson,IL,17071
656,Henry,IL,17073
657,Iroquois,IL,17075
658,Jackson,IL,17077
659,Jasper,IL,17079
660,Jefferson,IL,17081
661,Jersey,IL,17083
662,Jo Daviess,IL,17085
663,Johnson,IL,17087
664,Kane,IL,17089
665,Kankakee,IL,17091
666,Kendall,IL,17093
667,Knox,IL,17095
668,Lake,IL,17097
669,LaSalle,IL,17099
670,Lawrence,IL,17101
671,Lee,IL,17103
672,Livingston,IL,17105
673,Logan,IL,17107
674,McDonough,IL,17109
675,McHenry,IL,17111
676,McLean,IL,17113
677,Macon,IL,17115
678,Macoupin,IL,17117
679,Madison,IL,17119
680,Marion,IL,17121
681,Marshall,IL,17123
682,Mason,IL,17125
683,Massac,IL,17127
684,Menard,IL,17129
685,Mercer,IL,17131
686,Monroe,IL,17133
687,Montgomery,IL,17135
688,Morgan,IL,17137
689,Moultrie,IL,17139
690,Ogle,IL,17141
691,Peoria,IL,17143
692,Perry,IL,17145
693,Piatt,IL,17147
694,Pike,IL,17149
695,Pope,IL,17151
696,Pulaski,IL,17153
697,Putnam,IL,17155
698,Randolph,IL,17157
699,Richland,IL,17159
700,Rock Island,IL,17161
701,St. Clair,IL,17163
702,Saline,IL,17165
703,Sangamon,IL,17167
704,Schuyler,IL,17169
705,Scott,IL,17171
706,Shelby,IL,17173
707,Stark,IL,17175
708,Stephenson,IL,17177
709,Tazewell,IL,17179
710,Union,IL,17181
711,Vermilion,IL,17183
712,Wabash,IL,17185
713,Warren,IL,17187
714,Washington,IL,17189
715,Wayne,IL,17191
716,White,IL,17193
717,Whiteside,IL,17195
718,Will,IL,17197
719,Williamson,IL,17199
720,Winnebago,IL,17201
721,Woodford,IL,17203
722,Adams,IN,18001
723,Allen,IN,18003
724,Bartholomew,IN,18005
725,Benton,IN,18007
726,Blackford,IN,18009
727,Boone,IN,18011
728,Brown,IN,18013
729,Carroll,IN,18015
730,Cass,IN,18017
731,Clark,IN,18019
732,Clay,IN,18021
733,Clinton,IN,18023
734,Crawford,IN,18025
735,Daviess,IN,18027
736,Dearborn,IN,18029
737,Decatur,IN,18031
738,DeKalb,IN,18033
739,Delaware,IN,18035
740,Dubois,IN,18037
741,Elkhart,IN,18039
742,Fayette,IN,18041
743,Floyd,IN,18043
744,Fountain,IN,18045
745,Franklin,IN,18047
746,Fulton,IN,18049
747,Gibson,IN,18051
748,Grant,IN,18053
749,Greene,IN,18055
750,Hamilton,IN,18057
751,Hancock,IN,18059
752,Harrison,IN,18061
753,Hendricks,IN,18063
754,Henry,IN,18065
755,Howard,IN,18067
756,Huntington,IN,18069
757,Jackson,IN,18071
758,Jasper,IN,18073
759,Jay,IN,18075
760,Jefferson,IN,18077
761,Jennings,IN,18079
762,Johnson,IN,18081
763,Knox,IN,18083
764,Kosciusko,IN,18085
765,Lagrange,IN,18087
766,Lake,IN,18089
767,LaPorte,IN,18091
768,Lawrence,IN,18093
769,Madison,IN,18095
770,Marion,IN,18097
771,Marshall,IN,18099
772,Martin,IN,18101
773,Miami,IN,18103
774,Monroe,IN,18105
775,Montgomery,IN,18107
776,Morgan,IN,18109
777,Newton,IN,18111
778,Noble,IN,18113
779,Ohio,IN,18115
780,Orange,IN,18117
781,Owen,IN,18119
782,Parke,IN,18121
783,Perry,IN,18123
784,Pike,IN,18125
785,Porter,IN,18127
786,Posey,IN,18129
787,Pulaski,IN,18131
788,Putnam,IN,18133
789,Randolph,IN,18135
790,Ripley,IN,18137
791,Rush,IN,18139
792,St. Joseph,IN,18141
793,Scott,IN,18143
794,Shelby,IN,18145
795,Spencer,IN,18147
796,Starke,IN,18149
797,Steuben,IN,18151
798,Sullivan,IN,18153
799,Switzerland,IN,18155
800,Tippecanoe,IN,18157
801,Tipton,IN,18159
802,Union,IN,18161
803,Vanderburgh,IN,18163
804,Vermillion,IN,18165
805,Vigo,IN,18167
806,Wabash,IN,18169
807,Warren,IN,18171
808,Warrick,IN,18173
809,Washington,IN,18175
810,Wayne,IN,18177
811,Wells,IN,18179
812,White,IN,18181
813,Whitley,IN,18183
814,Adair,IA,19001
815,Adams,IA,19003
816,Allamakee,IA,19005
817,Appanoose,IA,19007
818,Audubon,IA,19009
819,Benton,IA,19011
820,Black Hawk,IA,19013
821,Boone,IA,19015
822,Bremer,IA,19017
823,Buchanan,IA,19019
824,Buena Vista,IA,19021
825,Butler,IA,19023
826,Calhoun,IA,19025
827,Carroll,IA,19027
828,Cass,IA,19029
829,Cedar,IA,19031
830,Cerro Gordo,IA,19033
831,Cherokee,IA,19035
832,Chickasaw,IA,19037
833,Clarke,IA,19039
834,Clay,IA,19041
835,Clayton,IA,19043
836,Clinton,IA,19045
837,Crawford,IA,19047
838,Dallas,IA,19049
839,Davis,IA,19051
840,Decatur,IA,19053
841,Delaware,IA,19055
842,Des Moines,IA,19057
843,Dickinson,IA,19059
844,Dubuque,IA,19061
845,Emmet,IA,19063
846,Fayette,IA,19065
847,Floyd,IA,19067
848,Franklin,IA,19069
849,Fremont,IA,19071
850,Greene,IA,19073
851,Grundy,IA,19075
852,Guthrie,IA,19077
853,Hamilton,IA,19079
854,Hancock,IA,19081
855,Hardin,IA,19083
856,Harrison,IA,19085
857,Henry,IA,19087
858,Howard,IA,19089
859,Humboldt,IA,19091
860,Ida,IA,19093
861,Iowa,IA,19095
862,Jackson,IA,19097
863,Jasper,IA,19099
864,Jefferson,IA,19101
865,Johnson,IA,19103
866,Jones,IA,19105
867,Keokuk,IA,19107
868,Kossuth,IA,19109
869,Lee,IA,19111
870,Linn,IA,19113
871,Louisa,IA,19115
872,Lucas,IA,19117
873,Lyon,IA,19119
874,Madison,IA,19121
875,Mahaska,IA,19123
876,Marion,IA,19125
877,Marshall,IA,19127
878,Mills,IA,19129
879,Mitchell,IA,19131
880,Monona,IA,19133
881,Monroe,IA,19135
882,Montgomery,IA,19137
883,Muscatine,IA,19139
884,O'Brien,IA,19141
885,Osceola,IA,19143
886,Page,IA,19145
887,Palo Alto,IA,19147
888,Plymouth,IA,19149
889,Pocahontas,IA,19151
890,Polk,IA,19153
891,Pottawattamie,IA,19155
892,Poweshiek,IA,19157
893,Ringgold,IA,19159
894,Sac,IA,19161
895,Scott,IA,19163
896,Shelby,IA,19165
897,Sioux,IA,19167
898,Story,IA,19169
899,Tama,IA,19171
900,Taylor,IA,19173
901,Union,IA,19175
902,Van Buren,IA,19177
903,Wapello,IA,19179
904,Warren,IA,19181
905,Washington,IA,19183
906,Wayne,IA,19185
907,Webster,IA,19187
908,Winnebago,IA,19189
909,Winneshiek,IA,19191
910,Woodbury,IA,19193
911,Worth,IA,19195
912,Wright,IA,19197
913,Allen,KS,20001
914,Anderson,KS,20003
915,Atchison,KS,20005
916,Barber,KS,20007
917,Barton,KS,20009
918,Bourbon,KS,20011
919,Brown,KS,20013
920,Butler,KS,20015
921,Chase,KS,20017
922,Chautauqua,KS,20019
923,Cherokee,KS,20021
924,Cheyenne,KS,20023
925,Clark,KS,20025
926,Clay,KS,20027
927,Cloud,KS,20029
928,Coffey,KS,20031
929,Comanche,KS,20033
930,Cowley,KS,20035
931,Crawford,KS,20037
932,Decatur,KS,20039
933,Dickinson,KS,20041
934,Doniphan,KS,20043
935,Douglas,KS,20045
936,Edwards,KS,20047
937,Elk,KS,20049
938,Ellis,KS,20051
939,Ellsworth,KS,20053
940,Finney,KS,20055
941,Ford,KS,20057
942,Franklin,KS,20059
943,Geary,KS,20061
944,Gove,KS,20063
945,Graham,KS,20065
946,Grant,KS,20067
947,Gray,KS,20069
948,Greeley,KS,20071
949,Greenwood,KS,20073
950,Hamilton,KS,20075
951,Harper,KS,20077
952,Harvey,KS,20079
953,Haskell,KS,20081
954,Hodgeman,KS,20083
955,Jackson,KS,20085
956,Jefferson,KS,20087
957,Jewell,KS,20089
958,Johnson,KS,20091
959,Kearny,KS,20093
960,Kingman,KS,20095
961,Kiowa,KS,20097
962,Labette,KS,20099
963,Lane,KS,20101
964,Leavenworth,KS,20103
965,Lincoln,KS,20105
966,Linn,KS,20107
967,Logan,KS,20109
968,Lyon,KS,20111
969,McPherson,KS,20113
970,Marion,KS,20115
971,Marshall,KS,20117
972,Meade,KS,20119
973,Miami,KS,20121
974,Mitchell,KS,20123
975,Montgomery,KS,20125
976,Morris,KS,20127
977,Morton,KS,20129
978,Nemaha,KS,20131
979,Neosho,KS,20133
980,Ness,KS,20135
981,Norton,KS,20137
982,Osage,KS,20139
983,Osborne,KS,20141
984,Ottawa,KS,20143
985,Pawnee,KS,20145
986,Phillips,KS,20147
987,Pottawatomie,KS,20149
988,Pratt,KS,20151
989,Rawlins,KS,20153
990,Reno,KS,20155
991,Republic,KS,20157
992,Rice,KS,20159
993,Riley,KS,20161
994,Rooks,KS,20163
995,Rush,KS,20165
996,Russell,KS,20167
997,Saline,KS,20169
998,Scott,KS,20171
999,Sedgwick,KS,20173
1000,Seward,KS,20175
1001,Shawnee,KS,20177
1002,Sheridan,KS,20179
1003,Sherman,KS,20181
1004,Smith,KS,20183
1005,Stafford,KS,20185
1006,Stanton,KS,20187
1007,Stevens,KS,20189
1008,Sumner,KS,20191
1009,Thomas,KS,20193
1010,Trego,KS,20195
1011,Wabaunsee,KS,20197
1012,Wallace,KS,20199
1013,Washington,KS,20201
1014,Wichita,KS,20203
1015,Wilson,KS,20205
1016,Woodson,KS,20207
1017,Wyandotte,KS,20209
1018,Adair,KY,21001
1019,Allen,KY,21003
1020,Anderson,KY,21005
1021,Ballard,KY,21007
1022,Barren,KY,21009
1023,Bath,KY,21011
1024,Bell,KY,21013
1025,Boone,KY,21015
1026,Bourbon,KY,21017
1027,Boyd,KY,21019
1028,Boyle,KY,21021
1029,Bracken,KY,21023
1030,Breathitt,KY,21025
1031,Breckinridge,KY,21027
1032,Bullitt,KY,21029
1033,Butler,KY,21031
1034,Caldwell,KY,21033
1035,Calloway,KY,21035
1036,Campbell,KY,21037
1037,Carlisle,KY,21039
1038,Carroll,KY,21041
1039,Carter,KY,21043
1040,Casey,KY,21045
1041,Christian,KY,21047
1042,Clark,KY,21049
1043,Clay,KY,21051
1044,Clinton,KY,21053
1045,Crittenden,KY,21055
1046,Cumberland,KY,21057
1047,Daviess,KY,21059
1048,Edmonson,KY,21061
1049,Elliott,KY,21063
1050,Estill,KY,21065
1051,Fayette,KY,21067
1052,Fleming,KY,21069
1053,Floyd,KY,21071
1054,Franklin,KY,21073
1055,Fulton,KY,21075
1056,Gallatin,KY,21077
1057,Garrard,KY,21079
1058,Grant,KY,21081
1059,Graves,KY,21083
1060,Grayson,KY,21085
1061,Green,KY,21087
1062,Greenup,KY,21089
1063,Hancock,KY,21091
1064,Hardin,KY,21093
1065,Harlan,KY,21095
1066,Harrison,KY,21097
1067,Hart,KY,21099
1068,Henderson,KY,21101
1069,Henry,KY,21103
1070,Hickman,KY,21105
1071,Hopkins,KY,21107
1072,Jackson,KY,21109
1073,Jefferson,KY,21111
1074,Jessamine,KY,21113
1075,Johnson,KY,21115
1076,Kenton,KY,21117
1077,Knott,KY,21119
1078,Knox,KY,21121
1079,Larue,KY,21123
1080,Laurel,KY,21125
1081,Lawrence,KY,21127
1082,Lee,KY,21129
1083,Leslie,KY,21131
1084,Letcher,KY,21133
1085,Lewis,KY,21135
1086,Lincoln,KY,21137
1087,Livingston,KY,21139
1088,Logan,KY,21141
1089,Lyon,KY,21143
1090,McCracken,KY,21145
1091,McCreary,KY,21147
1092,McLean,KY,21149
1093,Madison,KY,21151
1094,Magoffin,KY,21153
1095,Marion,KY,21155
1096,Marshall,KY,21157
1097,Martin,KY,21159
1098,Mason,KY,21161
1099,Meade,KY,21163
1100,Menifee,KY,21165
1101,Mercer,KY,21167
1102,Metcalfe,KY,21169
1103,Monroe,KY,21171
1104,Montgomery,KY,21173
1105,Morgan,KY,21175
1106,Muhlenberg,KY,21177
1107,Nelson,KY,21179
1108,Nicholas,KY,21181
1109,Ohio,KY,21183
1110,Oldham,KY,21185
1111,Owen,KY,21187
1112,Owsley,KY,21189
1113,Pendleton,KY,21191
1114,Perry,KY,21193
1115,Pike,KY,21195
1116,Powell,KY,21197
1117,Pulaski,KY,21199
1118,Robertson,KY,21201
1119,Rockcastle,KY,21203
1120,Rowan,KY,21205
1121,Russell,KY,21207
1122,Scott,KY,21209
1123,Shelby,KY,21211
1124,Simpson,KY,21213
1125,Spencer,KY,21215
1126,Taylor,KY,21217
1127,Todd,KY,21219
1128,Trigg,KY,21221
1129,Trimble,KY,21223
1130,Union,KY,21225
1131,Warren,KY,21227
1132,Washington,KY,21229
1133,Wayne,KY,21231
1134,Webster,KY,21233
1135,Whitley,KY,21235
1136,Wolfe,KY,21237
1137,Woodford,KY,21239
1138,Acadia,LA,22001
1139,Allen,LA,22003
1140,Ascension,LA,22005
1141,Assumption,LA,22007
1142,Avoyelles,LA,22009
1143,Beauregard,LA,22011
1144,Bienville,LA,22013
1145,Bossier,LA,22015
1146,Caddo,LA,22017
1147,Calcasieu,LA,22019
1148,Caldwell,LA,22021
1149,Cameron,LA,22023
1150,Catahoula,LA,22025
1151,Claiborne,LA,22027
1152,Concordia,LA,22029
1153,De Soto,LA,22031
1154,East Baton Rouge,LA,22033
1155,East Carroll,LA,22035
1156,East Feliciana,LA,22037
1157,Evangeline,LA,22039
1158,Franklin,LA,22041
1159,Grant,LA,22043
1160,Iberia,LA,22045
1161,Iberville,LA,22047
1162,Jackson,LA,22049
1163,Jefferson,LA,22051
1164,Jefferson Davis,LA,22053
1165,Lafayette,LA,22055
1166,Lafourche,LA,22057
1167,LaSalle,LA,22059
1168,Lincoln,LA,22061
1169,Livingston,LA,22063
1170,Madison,LA,22065
1171,Morehouse,LA,22067
1172,Natchitoches,LA,22069
1173,Orleans,LA,22071
1174,Ouachita,LA,22073
1175,Plaquemines,LA,22075
1176,Pointe Coupee,LA,22077
1177,Rapides,LA,22079
1178,Red River,LA,22081
1179,Richland,LA,22083
1180,Sabine,LA,22085
1181,St. Bernard,LA,22087
1182,St. Charles,LA,22089
1183,St. Helena,LA,22091
1184,St. James,LA,22093
1185,St. John the Baptist,LA,22095
1186,St. Landry,LA,22097
1187,St. Martin,LA,22099
1188,St. Mary,LA,22101
1189,St. Tammany,LA,22103
1190,Tangipahoa,LA,22105
1191,Tensas,LA,22107
1192,Terrebonne,LA,22109
1193,Union,LA,22111
1194,Vermilion,LA,22113
1195,Vernon,LA,22115
1196,Washington,LA,22117
1197,Webster,LA,22119
1198,West Baton Rouge,LA,22121
1199,West Carroll,LA,22123
1200,West Feliciana,LA,22125
1201,Winn,LA,22127
1202,Androscoggin,ME,23001
1203,Aroostook,ME,23003
1204,Cumberland,ME,23005
1205,Franklin,ME,23007
1206,Hancock,ME,23009
1207,Kennebec,ME,23011
1208,Knox,ME,23013
1209,Lincoln,ME,23015
1210,Oxford,ME,23017
1211,Penobscot,ME,23019
1212,Piscataquis,ME,23021
1213,Sagadahoc,ME,23023
1214,Somerset,ME,23025
1215,Waldo,ME,23027
1216,Washington,ME,23029
1217,York,ME,23031
1218,Allegany,MD,24001
1219,Anne Arundel,MD,24003
1220,Baltimore,MD,24005
1221,Calvert,MD,24009
1222,Caroline,MD,24011
1223,Carroll,MD,24013
1224,Cecil,MD,24015
1225,Charles,MD,24017
1226,Dorchester,MD,24019
1227,Frederick,MD,24021
1228,Garrett,MD,24023
1229,Harford,MD,24025
1230,Howard,MD,24027
1231,Kent,MD,24029
1232,Montgomery,MD,24031
1233,Prince George's,MD,24033
1234,Queen Anne's,MD,24035
1235,St. Mary's,MD,24037
1236,Somerset,MD,24039
1237,Talbot,MD,24041
1238,Washington,MD,24043
1239,Wicomico,MD,24045
1240,Worcester,MD,24047
1241,Baltimore (Independent City),MD,24510
1242,Barnstable,MA,25001
1243,Berkshire,MA,25003
1244,Bristol,MA,25005
1245,Dukes,MA,25007
1246,Essex,MA,25009
1247,Franklin,MA,25011
1248,Hampden,MA,25013
1249,Hampshire,MA,25015
1250,Middlesex,MA,25017
1251,Nantucket,MA,25019
1252,Norfolk,MA,25021
1253,Plymouth,MA,25023
1254,Suffolk,MA,25025
1255,Worcester,MA,25027
1256,Alcona,MI,26001
1257,Alger,MI,26003
1258,Allegan,MI,26005
1259,Alpena,MI,26007
1260,Antrim,MI,26009
1261,Arenac,MI,26011
1262,Baraga,MI,26013
1263,Barry,MI,26015
1264,Bay,MI,26017
1265,Benzie,MI,26019
1266,Berrien,MI,26021
1267,Branch,MI,26023
1268,Calhoun,MI,26025
1269,Cass,MI,26027
1270,Charlevoix,MI,26029
1271,Cheboygan,MI,26031
1272,Chippewa,MI,26033
1273,Clare,MI,26035
1274,Clinton,MI,26037
1275,Crawford,MI,26039
1276,Delta,MI,26041
1277,Dickinson,MI,26043
1278,Eaton,MI,26045
1279,Emmet,MI,26047
1280,Genesee,MI,26049
1281,Gladwin,MI,26051
1282,Gogebic,MI,26053
1283,Grand Traverse,MI,26055
1284,Gratiot,MI,26057
1285,Hillsdale,MI,26059
1286,Houghton,MI,26061
1287,Huron,MI,26063
1288,Ingham,MI,26065
1289,Ionia,MI,26067
1290,Iosco,MI,26069
1291,Iron,MI,26071
1292,Isabella,MI,26073
1293,Jackson,MI,26075
1294,Kalamazoo,MI,26077
1295,Kalkaska,MI,26079
1296,Kent,MI,26081
1297,Keweenaw,MI,26083
1298,Lake,MI,26085
1299,Lapeer,MI,26087
1300,Leelanau,MI,26089
1301,Lenawee,MI,26091
1302,Livingston,MI,26093
1303,Luce,MI,26095
1304,Mackinac,MI,26097
1305,Macomb,MI,26099
1306,Manistee,MI,26101
1307,Marquette,MI,26103
1308,Mason,MI,26105
1309,Mecosta,MI,26107
1310,Menominee,MI,26109
1311,Midland,MI,26111
1312,Missaukee,MI,26113
1313,Monroe,MI,26115
1314,Montcalm,MI,26117
1315,Montmorency,MI,26119
1316,Muskegon,MI,26121
1317,Newaygo,MI,26123
1318,Oakland,MI,26125
1319,Oceana,MI,26127
1320,Ogemaw,MI,26129
1321,Ontonagon,MI,26131
1322,Osceola,MI,26133
1323,Oscoda,MI,26135
1324,Otsego,MI,26137
1325,Ottawa,MI,26139
1326,Presque Isle,MI,26141
1327,Roscommon,MI,26143
1328,Saginaw,MI,26145
1329,St. Clair,MI,26147
1330,St. Joseph,MI,26149
1331,Sanilac,MI,26151
1332,Schoolcraft,MI,26153
1333,Shiawassee,MI,26155
1334,Tuscola,MI,26157
1335,Van Buren,MI,26159
1336,Washtenaw,MI,26161
1337,Wayne,MI,26163
1338,Wexford,MI,26165
1339,Aitkin,MN,27001
1340,Anoka,MN,27003
1341,Becker,MN,27005
1342,Beltrami,MN,27007
1343,Benton,MN,27009
1344,Big Stone,MN,27011
1345,Blue Earth,MN,27013
1346,Brown,MN,27015
1347,Carlton,MN,27017
1348,Carver,MN,27019
1349,Cass,MN,27021
1350,Chippewa,MN,27023
1351,Chisago,MN,27025
1352,Clay,MN,27027
1353,Clearwater,MN,27029
1354,Cook,MN,27031
1355,Cottonwood,MN,27033
1356,Crow Wing,MN,27035
1357,Dakota,MN,27037
1358,Dodge,MN,27039
1359,Douglas,MN,27041
1360,Faribault,MN,27043
1361,Fillmore,MN,27045
1362,Freeborn,MN,27047
1363,Goodhue,MN,27049
1364,Grant,MN,27051
1365,Hennepin,MN,27053
1366,Houston,MN,27055
1367,Hubbard,MN,27057
1368,Isanti,MN,27059
1369,Itasca,MN,27061
1370,Jackson,MN,27063
1371,Kanabec,MN,27065
1372,Kandiyohi,MN,27067
1373,Kittson,MN,27069
1374,Koochiching,MN,27071
1375,Lac qui Parle,MN,27073
1376,Lake,MN,27075
1377,Lake of the Woods,MN,27077
1378,Le Sueur,MN,27079
1379,Lincoln,MN,27081
1380,Lyon,MN,27083
1381,McLeod,MN,27085
1382,Mahnomen,MN,27087
1383,Marshall,MN,27089
1384,Martin,MN,27091
1385,Meeker,MN,27093
1386,Mille Lacs,MN,27095
1387,Morrison,MN,27097
1388,Mower,MN,27099
1389,Murray,MN,27101
1390,Nicollet,MN,27103
1391,Nobles,MN,27105
1392,Norman,MN,27107
1393,Olmsted,MN,27109
1394,Otter Tail,MN,27111
1395,Pennington,MN,27113
1396,Pine,MN,27115
1397,Pipestone,MN,27117
1398,Polk,MN,27119
1399,Pope,MN,27121
1400,Ramsey,MN,27123
1401,Red Lake,MN,27125
1402,Redwood,MN,27127
1403,Renville,MN,27129
1404,Rice,MN,27131
1405,Rock,MN,27133
1406,Roseau,MN,27135
1407,St. Louis,MN,27137
1408,Scott,MN,27139
1409,Sherburne,MN,27141
1410,Sibley,MN,27143
1411,Stearns,MN,27145
1412,Steele,MN,27147
1413,Stevens,MN,27149
1414,Swift,MN,27151
1415,Todd,MN,27153
1416,Traverse,MN,27155
1417,Wabasha,MN,27157
1418,Wadena,MN,27159
1419,Waseca,MN,27161
1420,Washington,MN,27163
1421,Watonwan,MN,27165
1422,Wilkin,MN,27167
1423,Winona,MN,27169
1424,Wright,MN,27171
1425,Yellow Medicine,MN,27173
1426,Adams,MS,28001
1427,Alcorn,MS,28003
1428,Amite,MS,28005
1429,Attala,MS,28007
1430,Benton,MS,28009
1431,Bolivar,MS,28011
1432,Calhoun,MS,28013
1433,Carroll,MS,28015
1434,Chickasaw,MS,28017
1435,Choctaw,MS,28019
1436,Claiborne,MS,28021
1437,Clarke,MS,28023
1438,Clay,MS,28025
1439,Coahoma,MS,28027
1440,Copiah,MS,28029
1441,Covington,MS,28031
1442,DeSoto,MS,28033
1443,Forrest,MS,28035
1444,Franklin,MS,28037
1445,George,MS,28039
1446,Greene,MS,28041
1447,Grenada,MS,28043
1448,Hancock,MS,28045
1449,Harrison,MS,28047
1450,Hinds,MS,28049
1451,Holmes,MS,28051
1452,Humphreys,MS,28053
1453,Issaquena,MS,28055
1454,Itawamba,MS,28057
1455,Jackson,MS,28059
1456,Jasper,MS,28061
1457,Jefferson,MS,28063
1458,Jefferson Davis,MS,28065
1459,Jones,MS,28067
1460,Kemper,MS,28069
1461,Lafayette,MS,28071
1462,Lamar,MS,28073
1463,Lauderdale,MS,28075
1464,Lawrence,MS,28077
1465,Leake,MS,28079
1466,Lee,MS,28081
1467,Leflore,MS,28083
1468,Lincoln,MS,28085
1469,Lowndes,MS,28087
1470,Madison,MS,28089
1471,Marion,MS,28091
1472,Marshall,MS,28093
1473,Monroe,MS,28095
1474,Montgomery,MS,28097
1475,Neshoba,MS,28099
1476,Newton,MS,28101
1477,Noxubee,MS,28103
1478,Oktibbeha,MS,28105
1479,Panola,MS,28107
1480,Pearl River,MS,28109
1481,Perry,MS,28111
1482,Pike,MS,28113
1483,Pontotoc,MS,28115
1484,Prentiss,MS,28117
1485,Quitman,MS,28119
1486,Rankin,MS,28121
1487,Scott,MS,28123
1488,Sharkey,MS,28125
1489,Simpson,MS,28127
1490,Smith,MS,28129
1491,Stone,MS,28131
1492,Sunflower,MS,28133
1493,Tallahatchie,MS,28135
1494,Tate,MS,28137
1495,Tippah,MS,28139
1496,Tishomingo,MS,28141
1497,Tunica,MS,28143
1498,Union,MS,28145
1499,Walthall,MS,28147
1500,Warren,MS,28149
1501,Washington,MS,28151
1502,Wayne,MS,28153
1503,Webster,MS,28155
1504,Wilkinson,MS,28157
1505,Winston,MS,28159
1506,Yalobusha,MS,28161
1507,Yazoo,MS,28163
1508,Adair,MO,29001
1509,Andrew,MO,29003
1510,Atchison,MO,29005
1511,Audrain,MO,29007
1512,Barry,MO,29009
1513,Barton,MO,29011
1514,Bates,MO,29013
1515,Benton,MO,29015
1516,Bollinger,MO,29017
1517,Boone,MO,29019
1518,Buchanan,MO,29021
1519,Butler,MO,29023
1520,Caldwell,MO,29025
1521,Callaway,MO,29027
1522,Camden,MO,29029
1523,Cape Girardeau,MO,29031
1524,Carroll,MO,29033
1525,Carter,MO,29035
1526,Cass,MO,29037
1527,Cedar,MO,29039
1528,Chariton,MO,29041
1529,Christian,MO,29043
1530,Clark,MO,29045
1531,Clay,MO,29047
1532,Clinton,MO,29049
1533,Cole,MO,29051
1534,Cooper,MO,29053
1535,Crawford,MO,29055
1536,Dade,MO,29057
1537,Dallas,MO,29059
1538,Daviess,MO,29061
1539,DeKalb,MO,29063
1540,Dent,MO,29065
1541,Douglas,MO,29067
1542,Dunklin,MO,29069
1543,Franklin,MO,29071
1544,Gasconade,MO,29073
1545,Gentry,MO,29075
1546,Greene,MO,29077
1547,Grundy,MO,29079
1548,Harrison,MO,29081
1549,Henry,MO,29083
1550,Hickory,MO,29085
1551,Holt,MO,29087
1552,Howard,MO,29089
1553,Howell,MO,29091
1554,Iron,MO,29093
1555,Jackson,MO,29095
1556,Jasper,MO,29097
1557,Jefferson,MO,29099
1558,Johnson,MO,29101
1559,Knox,MO,29103
1560,Laclede,MO,29105
1561,Lafayette,MO,29107
1562,Lawrence,MO,29109
1563,Lewis,MO,29111
1564,Lincoln,MO,29113
1565,Linn,MO,29115
1566,Livingston,MO,29117
1567,McDonald,MO,29119
1568,Macon,MO,29121
1569,Madison,MO,29123
1570,Maries,MO,29125
1571,Marion,MO,29127
1572,Mercer,MO,29129
1573,Miller,MO,29131
1574,Mississippi,MO,29133
1575,Moniteau,MO,29135
1576,Monroe,MO,29137
1577,Montgomery,MO,29139
1578,Morgan,MO,29141
1579,New Madrid,MO,29143
1580,Newton,MO,29145
1581,Nodaway,MO,29147
1582,Oregon,MO,29149
1583,Osage,MO,29151
1584,Ozark,MO,29153
1585,Pemiscot,MO,29155
1586,Perry,MO,29157
1587,Pettis,MO,29159
1588,Phelps,MO,29161
1589,Pike,MO,29163
1590,Platte,MO,29165
1591,Polk,MO,29167
1592,Pulaski,MO,29169
1593,Putnam,MO,29171
1594,Ralls,MO,29173
1595,Randolph,MO,29175
1596,Ray,MO,29177
1597,Reynolds,MO,29179
1598,Ripley,MO,29181
1599,St. Charles,MO,29183
1600,St. Clair,MO,29185
1601,Ste. Genevieve,MO,29186
1602,St. Francois,MO,29187
1603,St. Louis,MO,29189
1604,Saline,MO,29195
1605,Schuyler,MO,29197
1606,Scotland,MO,29199
1607,Scott,MO,29201
1608,Shannon,MO,29203
1609,Shelby,MO,29205
1610,Stoddard,MO,29207
1611,Stone,MO,29209
1612,Sullivan,MO,29211
1613,Taney,MO,29213
1614,Texas,MO,29215
1615,Vernon,MO,29217
1616,Warren,MO,29219
1617,Washington,MO,29221
1618,Wayne,MO,29223
1619,Webster,MO,29225
1620,Worth,MO,29227
1621,Wright,MO,29229
1622,St. Louis (Independent City),MO,29510
1623,Beaverhead,MT,30001
1624,Big Horn,MT,30003
1625,Blaine,MT,30005
1626,Broadwater,MT,30007
1627,Carbon,MT,30009
1628,Carter,MT,30011
1629,Cascade,MT,30013
1630,Chouteau,MT,30015
1631,Custer,MT,30017
1632,Daniels,MT,30019
1633,Dawson,MT,30021
1634,Deer Lodge,MT,30023
1635,Fallon,MT,30025
1636,Fergus,MT,30027
1637,Flathead,MT,30029
1638,Gallatin,MT,30031
1639,Garfield,MT,30033
1640,Glacier,MT,30035
1641,Golden Valley,MT,30037
1642,Granite,MT,30039
1643,Hill,MT,30041
1644,Jefferson,MT,30043
1645,Judith Basin,MT,30045
1646,Lake,MT,30047
1647,Lewis and Clark,MT,30049
1648,Liberty,MT,30051
1649,Lincoln,MT,30053
1650,McCone,MT,30055
1651,Madison,MT,30057
1652,Meagher,MT,30059
1653,Mineral,MT,30061
1654,Missoula,MT,30063
1655,Musselshell,MT,30065
1656,Park,MT,30067
1657,Petroleum,MT,30069
1658,Phillips,MT,30071
1659,Pondera,MT,30073
1660,Powder River,MT,30075
1661,Powell,MT,30077
1662,Prairie,MT,30079
1663,Ravalli,MT,30081
1664,Richland,MT,30083
1665,Roosevelt,MT,30085
1666,Rosebud,MT,30087
1667,Sanders,MT,30089
1668,Sheridan,MT,30091
1669,Silver Bow,MT,30093
1670,Stillwater,MT,30095
1671,Sweet Grass,MT,30097
1672,Teton,MT,30099
1673,Toole,MT,30101
1674,Treasure,MT,30103
1675,Valley,MT,30105
1676,Wheatland,MT,30107
1677,Wibaux,MT,30109
1678,Yellowstone,MT,30111
1679,Adams,NE,31001
1680,Antelope,NE,31003
1681,Arthur,NE,31005
1682,Banner,NE,31007
1683,Blaine,NE,31009
1684,Boone,NE,31011
1685,Box Butte,NE,31013
1686,Boyd,NE,31015
1687,Brown,NE,31017
1688,Buffalo,NE,31019
1689,Burt,NE,31021
1690,Butler,NE,31023
1691,Cass,NE,31025
1692,Cedar,NE,31027
1693,Chase,NE,31029
1694,Cherry,NE,31031
1695,Cheyenne,NE,31033
1696,Clay,NE,31035
1697,Colfax,NE,31037
1698,Cuming,NE,31039
1699,Custer,NE,31041
1700,Dakota,NE,31043
1701,Dawes,NE,31045
1702,Dawson,NE,31047
1703,Deuel,NE,31049
1704,Dixon,NE,31051
1705,Dodge,NE,31053
1706,Douglas,NE,31055
1707,Dundy,NE,31057
1708,Fillmore,NE,31059
1709,Franklin,NE,31061
1710,Frontier,NE,31063
1711,Furnas,NE,31065
1712,Gage,NE,31067
1713,Garden,NE,31069
1714,Garfield,NE,31071
1715,Gosper,NE,31073
1716,Grant,NE,31075
1717,Greeley,NE,31077
1718,Hall,NE,31079
1719,Hamilton,NE,31081
1720,Harlan,NE,31083
1721,Hayes,NE,31085
1722,Hitchcock,NE,31087
1723,Holt,NE,31089
1724,Hooker,NE,31091
1725,Howard,NE,31093
1726,Jefferson,NE,31095
1727,Johnson,NE,31097
1728,Kearney,NE,31099
1729,Keith,NE,31101
1730,Keya Paha,NE,31103
1731,Kimball,NE,31105
1732,Knox,NE,31107
1733,Lancaster,NE,31109
1734,Lincoln,NE,31111
1735,Logan,NE,31113
1736,Loup,NE,31115
1737,McPherson,NE,31117
1738,Madison,NE,31119
1739,Merrick,NE,31121
1740,Morrill,NE,31123
1741,Nance,NE,31125
1742,Nemaha,NE,31127
1743,Nuckolls,NE,31129
1744,Otoe,NE,31131
1745,Pawnee,NE,31133
1746,Perkins,NE,31135
1747,Phelps,NE,31137
1748,Pierce,NE,31139
1749,Platte,NE,31141
1750,Polk,NE,31143
1751,Red Willow,NE,31145
1752,Richardson,NE,31147
1753,Rock,NE,31149
1754,Saline,NE,31151
1755,Sarpy,NE,31153
1756,Saunders,NE,31155
1757,Scotts Bluff,NE,31157
1758,Seward,NE,31159
1759,Sheridan,NE,31161
1760,Sherman,NE,31163
1761,Sioux,NE,31165
1762,Stanton,NE,31167
1763,Thayer,NE,31169
1764,Thomas,NE,31171
1765,Thurston,NE,31173
1766,Valley,NE,31175
1767,Washington,NE,31177
1768,Wayne,NE,31179
1769,Webster,NE,31181
1770,Wheeler,NE,31183
1771,York,NE,31185
1772,Churchill,NV,32001
1773,Clark,NV,32003
1774,Douglas,NV,32005
1775,Elko,NV,32007
1776,Esmeralda,NV,32009
1777,Eureka,NV,32011
1778,Humboldt,NV,32013
1779,Lander,NV,32015
1780,Lincoln,NV,32017
1781,Lyon,NV,32019
1782,Mineral,NV,32021
1783,Nye,NV,32023
1784,Pershing,NV,32027
1785,Storey,NV,32029
1786,Washoe,NV,32031
1787,White Pine,NV,32033
1788,Carson City (Independent City),NV,32510
1789,Belknap,NH,33001
1790,Carroll,NH,33003
1791,Cheshire,NH,33005
1792,Coos,NH,33007
1793,Grafton,NH,33009
1794,Hillsborough,NH,33011
1795,Merrimack,NH,33013
1796,Rockingham,NH,33015
1797,Strafford,NH,33017
1798,Sullivan,NH,33019
1799,Atlantic,NJ,34001
1800,Bergen,NJ,34003
1801,Burlington,NJ,34005
1802,Camden,NJ,34007
1803,Cape May,NJ,34009
1804,Cumberland,NJ,34011
1805,Essex,NJ,34013
1806,Gloucester,NJ,34015
1807,Hudson,NJ,34017
1808,Hunterdon,NJ,34019
1809,Mercer,NJ,34021
1810,Middlesex,NJ,34023
1811,Monmouth,NJ,34025
1812,Morris,NJ,34027
1813,Ocean,NJ,34029
1814,Passaic,NJ,34031
1815,Salem,NJ,34033
1816,Somerset,NJ,34035
1817,Sussex,NJ,34037
1818,Union,NJ,34039
1819,Warren,NJ,34041
1820,Bernalillo,NM,35001
1821,Catron,NM,35003
1822,Chaves,NM,35005
1823,Cibola,NM,35006
1824,Colfax,NM,35007
1825,Curry,NM,35009
1826,De Baca,NM,35011
1827,Do√±a Ana,NM,35013
1828,Eddy,NM,35015
1829,Grant,NM,35017
1830,Guadalupe,NM,35019
1831,Harding,NM,35021
1832,Hidalgo,NM,35023
1833,Lea,NM,35025
1834,Lincoln,NM,35027
1835,Los Alamos,NM,35028
1836,Luna,NM,35029
1837,McKinley,NM,35031
1838,Mora,NM,35033
1839,Otero,NM,35035
1840,Quay,NM,35037
1841,Rio Arriba,NM,35039
1842,Roosevelt,NM,35041
1843,Sandoval,NM,35043
1844,San Juan,NM,35045
1845,San Miguel,NM,35047
1846,Santa Fe,NM,35049
1847,Sierra,NM,35051
1848,Socorro,NM,35053
1849,Taos,NM,35055
1850,Torrance,NM,35057
1851,Union,NM,35059
1852,Valencia,NM,35061
1853,Albany,NY,36001
1854,Allegany,NY,36003
1855,Bronx,NY,36005
1856,Broome,NY,36007
1857,Cattaraugus,NY,36009
1858,Cayuga,NY,36011
1859,Chautauqua,NY,36013
1860,Chemung,NY,36015
1861,Chenango,NY,36017
1862,Clinton,NY,36019
1863,Columbia,NY,36021
1864,Cortland,NY,36023
1865,Delaware,NY,36025
1866,Dutchess,NY,36027
1867,Erie,NY,36029
1868,Essex,NY,36031
1869,Franklin,NY,36033
1870,Fulton,NY,36035
1871,Genesee,NY,36037
1872,Greene,NY,36039
1873,Hamilton,NY,36041
1874,Herkimer,NY,36043
1875,Jefferson,NY,36045
1876,Kings,NY,36047
1877,Lewis,NY,36049
1878,Livingston,NY,36051
1879,Madison,NY,36053
1880,Monroe,NY,36055
1881,Montgomery,NY,36057
1882,Nassau,NY,36059
1883,New York,NY,36061
1884,Niagara,NY,36063
1885,Oneida,NY,36065
1886,Onondaga,NY,36067
1887,Ontario,NY,36069
1888,Orange,NY,36071
1889,Orleans,NY,36073
1890,Oswego,NY,36075
1891,Otsego,NY,36077
1892,Putnam,NY,36079
1893,Queens,NY,36081
1894,Rensselaer,NY,36083
1895,Richmond,NY,36085
1896,Rockland,NY,36087
1897,St. Lawrence,NY,36089
1898,Saratoga,NY,36091
1899,Schenectady,NY,36093
1900,Schoharie,NY,36095
1901,Schuyler,NY,36097
1902,Seneca,NY,36099
1903,Steuben,NY,36101
1904,Suffolk,NY,36103
1905,Sullivan,NY,36105
1906,Tioga,NY,36107
1907,Tompkins,NY,36109
1908,Ulster,NY,36111
1909,Warren,NY,36113
1910,Washington,NY,36115
1911,Wayne,NY,36117
1912,Westchester,NY,36119
1913,Wyoming,NY,36121
1914,Yates,NY,36123
1915,Alamance,NC,37001
1916,Alexander,NC,37003
1917,Alleghany,NC,37005
1918,Anson,NC,37007
1919,Ashe,NC,37009
1920,Avery,NC,37011
1921,Beaufort,NC,37013
1922,Bertie,NC,37015
1923,Bladen,NC,37017
1924,Brunswick,NC,37019
1925,Buncombe,NC,37021
1926,Burke,NC,37023
1927,Cabarrus,NC,37025
1928,Caldwell,NC,37027
1929,Camden,NC,37029
1930,Carteret,NC,37031
1931,Caswell,NC,37033
1932,Catawba,NC,37035
1933,Chatham,NC,37037
1934,Cherokee,NC,37039
1935,Chowan,NC,37041
1936,Clay,NC,37043
1937,Cleveland,NC,37045
1938,Columbus,NC,37047
1939,Craven,NC,37049
1940,Cumberland,NC,37051
1941,Currituck,NC,37053
1942,Dare,NC,37055
1943,Davidson,NC,37057
1944,Davie,NC,37059
1945,Duplin,NC,37061
1946,Durham,NC,37063
1947,Edgecombe,NC,37065
1948,Forsyth,NC,37067
1949,Franklin,NC,37069
1950,Gaston,NC,37071
1951,Gates,NC,37073
1952,Graham,NC,37075
1953,Granville,NC,37077
1954,Greene,NC,37079
1955,Guilford,NC,37081
1956,Halifax,NC,37083
1957,Harnett,NC,37085
1958,Haywood,NC,37087
1959,Henderson,NC,37089
1960,Hertford,NC,37091
1961,Hoke,NC,37093
1962,Hyde,NC,37095
1963,Iredell,NC,37097
1964,Jackson,NC,37099
1965,Johnston,NC,37101
1966,Jones,NC,37103
1967,Lee,NC,37105
1968,Lenoir,NC,37107
1969,Lincoln,NC,37109
1970,McDowell,NC,37111
1971,Macon,NC,37113
1972,Madison,NC,37115
1973,Martin,NC,37117
1974,Mecklenburg,NC,37119
1975,Mitchell,NC,37121
1976,Montgomery,NC,37123
1977,Moore,NC,37125
1978,Nash,NC,37127
1979,New Hanover,NC,37129
1980,Northampton,NC,37131
1981,Onslow,NC,37133
1982,Orange,NC,37135
1983,Pamlico,NC,37137
1984,Pasquotank,NC,37139
1985,Pender,NC,37141
1986,Perquimans,NC,37143
1987,Person,NC,37145
1988,Pitt,NC,37147
1989,Polk,NC,37149
1990,Randolph,NC,37151
1991,Richmond,NC,37153
1992,Robeson,NC,37155
1993,Rockingham,NC,37157
1994,Rowan,NC,37159
1995,Rutherford,NC,37161
1996,Sampson,NC,37163
1997,Scotland,NC,37165
1998,Stanly,NC,37167
1999,Stokes,NC,37169
2000,Surry,NC,37171
2001,Swain,NC,37173
2002,Transylvania,NC,37175
2003,Tyrrell,NC,37177
2004,Union,NC,37179
2005,Vance,NC,37181
2006,Wake,NC,37183
2007,Warren,NC,37185
2008,Washington,NC,37187
2009,Watauga,NC,37189
2010,Wayne,NC,37191
2011,Wilkes,NC,37193
2012,Wilson,NC,37195
2013,Yadkin,NC,37197
2014,Yancey,NC,37199
2015,Adams,ND,38001
2016,Barnes,ND,38003
2017,Benson,ND,38005
2018,Billings,ND,38007
2019,Bottineau,ND,38009
2020,Bowman,ND,38011
2021,Burke,ND,38013
2022,Burleigh,ND,38015
2023,Cass,ND,38017
2024,Cavalier,ND,38019
2025,Dickey,ND,38021
2026,Divide,ND,38023
2027,Dunn,ND,38025
2028,Eddy,ND,38027
2029,Emmons,ND,38029
2030,Foster,ND,38031
2031,Golden Valley,ND,38033
2032,Grand Forks,ND,38035
2033,Grant,ND,38037
2034,Griggs,ND,38039
2035,Hettinger,ND,38041
2036,Kidder,ND,38043
2037,LaMoure,ND,38045
2038,Logan,ND,38047
2039,McHenry,ND,38049
2040,McIntosh,ND,38051
2041,McKenzie,ND,38053
2042,McLean,ND,38055
2043,Mercer,ND,38057
2044,Morton,ND,38059
2045,Mountrail,ND,38061
2046,Nelson,ND,38063
2047,Oliver,ND,38065
2048,Pembina,ND,38067
2049,Pierce,ND,38069
2050,Ramsey,ND,38071
2051,Ransom,ND,38073
2052,Renville,ND,38075
2053,Richland,ND,38077
2054,Rolette,ND,38079
2055,Sargent,ND,38081
2056,Sheridan,ND,38083
2057,Sioux,ND,38085
2058,Slope,ND,38087
2059,Stark,ND,38089
2060,Steele,ND,38091
2061,Stutsman,ND,38093
2062,Towner,ND,38095
2063,Traill,ND,38097
2064,Walsh,ND,38099
2065,Ward,ND,38101
2066,Wells,ND,38103
2067,Williams,ND,38105
2068,Adams,OH,39001
2069,Allen,OH,39003
2070,Ashland,OH,39005
2071,Ashtabula,OH,39007
2072,Athens,OH,39009
2073,Auglaize,OH,39011
2074,Belmont,OH,39013
2075,Brown,OH,39015
2076,Butler,OH,39017
2077,Carroll,OH,39019
2078,Champaign,OH,39021
2079,Clark,OH,39023
2080,Clermont,OH,39025
2081,Clinton,OH,39027
2082,Columbiana,OH,39029
2083,Coshocton,OH,39031
2084,Crawford,OH,39033
2085,Cuyahoga,OH,39035
2086,Darke,OH,39037
2087,Defiance,OH,39039
2088,Delaware,OH,39041
2089,Erie,OH,39043
2090,Fairfield,OH,39045
2091,Fayette,OH,39047
2092,Franklin,OH,39049
2093,Fulton,OH,39051
2094,Gallia,OH,39053
2095,Geauga,OH,39055
2096,Greene,OH,39057
2097,Guernsey,OH,39059
2098,Hamilton,OH,39061
2099,Hancock,OH,39063
2100,Hardin,OH,39065
2101,Harrison,OH,39067
2102,Henry,OH,39069
2103,Highland,OH,39071
2104,Hocking,OH,39073
2105,Holmes,OH,39075
2106,Huron,OH,39077
2107,Jackson,OH,39079
2108,Jefferson,OH,39081
2109,Knox,OH,39083
2110,Lake,OH,39085
2111,Lawrence,OH,39087
2112,Licking,OH,39089
2113,Logan,OH,39091
2114,Lorain,OH,39093
2115,Lucas,OH,39095
2116,Madison,OH,39097
2117,Mahoning,OH,39099
2118,Marion,OH,39101
2119,Medina,OH,39103
2120,Meigs,OH,39105
2121,Mercer,OH,39107
2122,Miami,OH,39109
2123,Monroe,OH,39111
2124,Montgomery,OH,39113
2125,Morgan,OH,39115
2126,Morrow,OH,39117
2127,Muskingum,OH,39119
2128,Noble,OH,39121
2129,Ottawa,OH,39123
2130,Paulding,OH,39125
2131,Perry,OH,39127
2132,Pickaway,OH,39129
2133,Pike,OH,39131
2134,Portage,OH,39133
2135,Preble,OH,39135
2136,Putnam,OH,39137
2137,Richland,OH,39139
2138,Ross,OH,39141
2139,Sandusky,OH,39143
2140,Scioto,OH,39145
2141,Seneca,OH,39147
2142,Shelby,OH,39149
2143,Stark,OH,39151
2144,Summit,OH,39153
2145,Trumbull,OH,39155
2146,Tuscarawas,OH,39157
2147,Union,OH,39159
2148,Van Wert,OH,39161
2149,Vinton,OH,39163
2150,Warren,OH,39165
2151,Washington,OH,39167
2152,Wayne,OH,39169
2153,Williams,OH,39171
2154,Wood,OH,39173
2155,Wyandot,OH,39175
2156,Adair,OK,40001
2157,Alfalfa,OK,40003
2158,Atoka,OK,40005
2159,Beaver,OK,40007
2160,Beckham,OK,40009
2161,Blaine,OK,40011
2162,Bryan,OK,40013
2163,Caddo,OK,40015
2164,Canadian,OK,40017
2165,Carter,OK,40019
2166,Cherokee,OK,40021
2167,Choctaw,OK,40023
2168,Cimarron,OK,40025
2169,Cleveland,OK,40027
2170,Coal,OK,40029
2171,Comanche,OK,40031
2172,Cotton,OK,40033
2173,Craig,OK,40035
2174,Creek,OK,40037
2175,Custer,OK,40039
2176,Delaware,OK,40041
2177,Dewey,OK,40043
2178,Ellis,OK,40045
2179,Garfield,OK,40047
2180,Garvin,OK,40049
2181,Grady,OK,40051
2182,Grant,OK,40053
2183,Greer,OK,40055
2184,Harmon,OK,40057
2185,Harper,OK,40059
2186,Haskell,OK,40061
2187,Hughes,OK,40063
2188,Jackson,OK,40065
2189,Jefferson,OK,40067
2190,Johnston,OK,40069
2191,Kay,OK,40071
2192,Kingfisher,OK,40073
2193,Kiowa,OK,40075
2194,Latimer,OK,40077
2195,Le Flore,OK,40079
2196,Lincoln,OK,40081
2197,Logan,OK,40083
2198,Love,OK,40085
2199,McClain,OK,40087
2200,McCurtain,OK,40089
2201,McIntosh,OK,40091
2202,Major,OK,40093
2203,Marshall,OK,40095
2204,Mayes,OK,40097
2205,Murray,OK,40099
2206,Muskogee,OK,40101
2207,Noble,OK,40103
2208,Nowata,OK,40105
2209,Okfuskee,OK,40107
2210,Oklahoma,OK,40109
2211,Okmulgee,OK,40111
2212,Osage,OK,40113
2213,Ottawa,OK,40115
2214,Pawnee,OK,40117
2215,Payne,OK,40119
2216,Pittsburg,OK,40121
2217,Pontotoc,OK,40123
2218,Pottawatomie,OK,40125
2219,Pushmataha,OK,40127
2220,Roger Mills,OK,40129
2221,Rogers,OK,40131
2222,Seminole,OK,40133
2223,Sequoyah,OK,40135
2224,Stephens,OK,40137
2225,Texas,OK,40139
2226,Tillman,OK,40141
2227,Tulsa,OK,40143
2228,Wagoner,OK,40145
2229,Washington,OK,40147
2230,Washita,OK,40149
2231,Woods,OK,40151
2232,Woodward,OK,40153
2233,Baker,OR,41001
2234,Benton,OR,41003
2235,Clackamas,OR,41005
2236,Clatsop,OR,41007
2237,Columbia,OR,41009
2238,Coos,OR,41011
2239,Crook,OR,41013
2240,Curry,OR,41015
2241,Deschutes,OR,41017
2242,Douglas,OR,41019
2243,Gilliam,OR,41021
2244,Grant,OR,41023
2245,Harney,OR,41025
2246,Hood River,OR,41027
2247,Jackson,OR,41029
2248,Jefferson,OR,41031
2249,Josephine,OR,41033
2250,Klamath,OR,41035
2251,Lake,OR,41037
2252,Lane,OR,41039
2253,Lincoln,OR,41041
2254,Linn,OR,41043
2255,Malheur,OR,41045
2256,Marion,OR,41047
2257,Morrow,OR,41049
2258,Multnomah,OR,41051
2259,Polk,OR,41053
2260,Sherman,OR,41055
2261,Tillamook,OR,41057
2262,Umatilla,OR,41059
2263,Union,OR,41061
2264,Wallowa,OR,41063
2265,Wasco,OR,41065
2266,Washington,OR,41067
2267,Wheeler,OR,41069
2268,Yamhill,OR,41071
2269,Adams,PA,42001
2270,Allegheny,PA,42003
2271,Armstrong,PA,42005
2272,Beaver,PA,42007
2273,Bedford,PA,42009
2274,Berks,PA,42011
2275,Blair,PA,42013
2276,Bradford,PA,42015
2277,Bucks,PA,42017
2278,Butler,PA,42019
2279,Cambria,PA,42021
2280,Cameron,PA,42023
2281,Carbon,PA,42025
2282,Centre,PA,42027
2283,Chester,PA,42029
2284,Clarion,PA,42031
2285,Clearfield,PA,42033
2286,Clinton,PA,42035
2287,Columbia,PA,42037
2288,Crawford,PA,42039
2289,Cumberland,PA,42041
2290,Dauphin,PA,42043
2291,Delaware,PA,42045
2292,Elk,PA,42047
2293,Erie,PA,42049
2294,Fayette,PA,42051
2295,Forest,PA,42053
2296,Franklin,PA,42055
2297,Fulton,PA,42057
2298,Greene,PA,42059
2299,Huntingdon,PA,42061
2300,Indiana,PA,42063
2301,Jefferson,PA,42065
2302,Juniata,PA,42067
2303,Lackawanna,PA,42069
2304,Lancaster,PA,42071
2305,Lawrence,PA,42073
2306,Lebanon,PA,42075
2307,Lehigh,PA,42077
2308,Luzerne,PA,42079
2309,Lycoming,PA,42081
2310,McKean,PA,42083
2311,Mercer,PA,42085
2312,Mifflin,PA,42087
2313,Monroe,PA,42089
2314,Montgomery,PA,42091
2315,Montour,PA,42093
2316,Northampton,PA,42095
2317,Northumberland,PA,42097
2318,Perry,PA,42099
2319,Philadelphia,PA,42101
2320,Pike,PA,42103
2321,Potter,PA,42105
2322,Schuylkill,PA,42107
2323,Snyder,PA,42109
2324,Somerset,PA,42111
2325,Sullivan,PA,42113
2326,Susquehanna,PA,42115
2327,Tioga,PA,42117
2328,Union,PA,42119
2329,Venango,PA,42121
2330,Warren,PA,42123
2331,Washington,PA,42125
2332,Wayne,PA,42127
2333,Westmoreland,PA,42129
2334,Wyoming,PA,42131
2335,York,PA,42133
2336,Bristol,RI,44001
2337,Kent,RI,44003
2338,Newport,RI,44005
2339,Providence,RI,44007
2340,Washington,RI,44009
2341,Abbeville,SC,45001
2342,Aiken,SC,45003
2343,Allendale,SC,45005
2344,Anderson,SC,45007
2345,Bamberg,SC,45009
2346,Barnwell,SC,45011
2347,Beaufort,SC,45013
2348,Berkeley,SC,45015
2349,Calhoun,SC,45017
2350,Charleston,SC,45019
2351,Cherokee,SC,45021
2352,Chester,SC,45023
2353,Chesterfield,SC,45025
2354,Clarendon,SC,45027
2355,Colleton,SC,45029
2356,Darlington,SC,45031
2357,Dillon,SC,45033
2358,Dorchester,SC,45035
2359,Edgefield,SC,45037
2360,Fairfield,SC,45039
2361,Florence,SC,45041
2362,Georgetown,SC,45043
2363,Greenville,SC,45045
2364,Greenwood,SC,45047
2365,Hampton,SC,45049
2366,Horry,SC,45051
2367,Jasper,SC,45053
2368,Kershaw,SC,45055
2369,Lancaster,SC,45057
2370,Laurens,SC,45059
2371,Lee,SC,45061
2372,Lexington,SC,45063
2373,McCormick,SC,45065
2374,Marion,SC,45067
2375,Marlboro,SC,45069
2376,Newberry,SC,45071
2377,Oconee,SC,45073
2378,Orangeburg,SC,45075
2379,Pickens,SC,45077
2380,Richland,SC,45079
2381,Saluda,SC,45081
2382,Spartanburg,SC,45083
2383,Sumter,SC,45085
2384,Union,SC,45087
2385,Williamsburg,SC,45089
2386,York,SC,45091
2387,Aurora,SD,46003
2388,Beadle,SD,46005
2389,Bennett,SD,46007
2390,Bon Homme,SD,46009
2391,Brookings,SD,46011
2392,Brown,SD,46013
2393,Brule,SD,46015
2394,Buffalo,SD,46017
2395,Butte,SD,46019
2396,Campbell,SD,46021
2397,Charles Mix,SD,46023
2398,Clark,SD,46025
2399,Clay,SD,46027
2400,Codington,SD,46029
2401,Corson,SD,46031
2402,Custer,SD,46033
2403,Davison,SD,46035
2404,Day,SD,46037
2405,Deuel,SD,46039
2406,Dewey,SD,46041
2407,Douglas,SD,46043
2408,Edmunds,SD,46045
2409,Fall River,SD,46047
2410,Faulk,SD,46049
2411,Grant,SD,46051
2412,Gregory,SD,46053
2413,Haakon,SD,46055
2414,Hamlin,SD,46057
2415,Hand,SD,46059
2416,Hanson,SD,46061
2417,Harding,SD,46063
2418,Hughes,SD,46065
2419,Hutchinson,SD,46067
2420,Hyde,SD,46069
2421,Jackson,SD,46071
2422,Jerauld,SD,46073
2423,Jones,SD,46075
2424,Kingsbury,SD,46077
2425,Lake,SD,46079
2426,Lawrence,SD,46081
2427,Lincoln,SD,46083
2428,Lyman,SD,46085
2429,McCook,SD,46087
2430,McPherson,SD,46089
2431,Marshall,SD,46091
2432,Meade,SD,46093
2433,Mellette,SD,46095
2434,Miner,SD,46097
2435,Minnehaha,SD,46099
2436,Moody,SD,46101
2437,Oglala Lakota,SD,46102
2438,Pennington,SD,46103
2439,Perkins,SD,46105
2440,Potter,SD,46107
2441,Roberts,SD,46109
2442,Sanborn,SD,46111
2443,Spink,SD,46115
2444,Stanley,SD,46117
2445,Sully,SD,46119
2446,Todd,SD,46121
2447,Tripp,SD,46123
2448,Turner,SD,46125
2449,Union,SD,46127
2450,Walworth,SD,46129
2451,Yankton,SD,46135
2452,Ziebach,SD,46137
2453,Anderson,TN,47001
2454,Bedford,TN,47003
2455,Benton,TN,47005
2456,Bledsoe,TN,47007
2457,Blount,TN,47009
2458,Bradley,TN,47011
2459,Campbell,TN,47013
2460,Cannon,TN,47015
2461,Carroll,TN,47017
2462,Carter,TN,47019
2463,Cheatham,TN,47021
2464,Chester,TN,47023
2465,Claiborne,TN,47025
2466,Clay,TN,47027
2467,Cocke,TN,47029
2468,Coffee,TN,47031
2469,Crockett,TN,47033
2470,Cumberland,TN,47035
2471,Davidson,TN,47037
2472,Decatur,TN,47039
2473,DeKalb,TN,47041
2474,Dickson,TN,47043
2475,Dyer,TN,47045
2476,Fayette,TN,47047
2477,Fentress,TN,47049
2478,Franklin,TN,47051
2479,Gibson,TN,47053
2480,Giles,TN,47055
2481,Grainger,TN,47057
2482,Greene,TN,47059
2483,Grundy,TN,47061
2484,Hamblen,TN,47063
2485,Hamilton,TN,47065
2486,Hancock,TN,47067
2487,Hardeman,TN,47069
2488,Hardin,TN,47071
2489,Hawkins,TN,47073
2490,Haywood,TN,47075
2491,Henderson,TN,47077
2492,Henry,TN,47079
2493,Hickman,TN,47081
2494,Houston,TN,47083
2495,Humphreys,TN,47085
2496,Jackson,TN,47087
2497,Jefferson,TN,47089
2498,Johnson,TN,47091
2499,Knox,TN,47093
2500,Lake,TN,47095
2501,Lauderdale,TN,47097
2502,Lawrence,TN,47099
2503,Lewis,TN,47101
2504,Lincoln,TN,47103
2505,Loudon,TN,47105
2506,McMinn,TN,47107
2507,McNairy,TN,47109
2508,Macon,TN,47111
2509,Madison,TN,47113
2510,Marion,TN,47115
2511,Marshall,TN,47117
2512,Maury,TN,47119
2513,Meigs,TN,47121
2514,Monroe,TN,47123
2515,Montgomery,TN,47125
2516,Moore,TN,47127
2517,Morgan,TN,47129
2518,Obion,TN,47131
2519,Overton,TN,47133
2520,Perry,TN,47135
2521,Pickett,TN,47137
2522,Polk,TN,47139
2523,Putnam,TN,47141
2524,Rhea,TN,47143
2525,Roane,TN,47145
2526,Robertson,TN,47147
2527,Rutherford,TN,47149
2528,Scott,TN,47151
2529,Sequatchie,TN,47153
2530,Sevier,TN,47155
2531,Shelby,TN,47157
2532,Smith,TN,47159
2533,Stewart,TN,47161
2534,Sullivan,TN,47163
2535,Sumner,TN,47165
2536,Tipton,TN,47167
2537,Trousdale,TN,47169
2538,Unicoi,TN,47171
2539,Union,TN,47173
2540,Van Buren,TN,47175
2541,Warren,TN,47177
2542,Washington,TN,47179
2543,Wayne,TN,47181
2544,Weakley,TN,47183
2545,White,TN,47185
2546,Williamson,TN,47187
2547,Wilson,TN,47189
2548,Anderson,TX,48001
2549,Andrews,TX,48003
2550,Angelina,TX,48005
2551,Aransas,TX,48007
2552,Archer,TX,48009
2553,Armstrong,TX,48011
2554,Atascosa,TX,48013
2555,Austin,TX,48015
2556,Bailey,TX,48017
2557,Bandera,TX,48019
2558,Bastrop,TX,48021
2559,Baylor,TX,48023
2560,Bee,TX,48025
2561,Bell,TX,48027
2562,Bexar,TX,48029
2563,Blanco,TX,48031
2564,Borden,TX,48033
2565,Bosque,TX,48035
2566,Bowie,TX,48037
2567,Brazoria,TX,48039
2568,Brazos,TX,48041
2569,Brewster,TX,48043
2570,Briscoe,TX,48045
2571,Brooks,TX,48047
2572,Brown,TX,48049
2573,Burleson,TX,48051
2574,Burnet,TX,48053
2575,Caldwell,TX,48055
2576,Calhoun,TX,48057
2577,Callahan,TX,48059
2578,Cameron,TX,48061
2579,Camp,TX,48063
2580,Carson,TX,48065
2581,Cass,TX,48067
2582,Castro,TX,48069
2583,Chambers,TX,48071
2584,Cherokee,TX,48073
2585,Childress,TX,48075
2586,Clay,TX,48077
2587,Cochran,TX,48079
2588,Coke,TX,48081
2589,Coleman,TX,48083
2590,Collin,TX,48085
2591,Collingsworth,TX,48087
2592,Colorado,TX,48089
2593,Comal,TX,48091
2594,Comanche,TX,48093
2595,Concho,TX,48095
2596,Cooke,TX,48097
2597,Coryell,TX,48099
2598,Cottle,TX,48101
2599,Crane,TX,48103
2600,Crockett,TX,48105
2601,Crosby,TX,48107
2602,Culberson,TX,48109
2603,Dallam,TX,48111
2604,Dallas,TX,48113
2605,Dawson,TX,48115
2606,Deaf Smith,TX,48117
2607,Delta,TX,48119
2608,Denton,TX,48121
2609,DeWitt,TX,48123
2610,Dickens,TX,48125
2611,Dimmit,TX,48127
2612,Donley,TX,48129
2613,Duval,TX,48131
2614,Eastland,TX,48133
2615,Ector,TX,48135
2616,Edwards,TX,48137
2617,Ellis,TX,48139
2618,El Paso,TX,48141
2619,Erath,TX,48143
2620,Falls,TX,48145
2621,Fannin,TX,48147
2622,Fayette,TX,48149
2623,Fisher,TX,48151
2624,Floyd,TX,48153
2625,Foard,TX,48155
2626,Fort Bend,TX,48157
2627,Franklin,TX,48159
2628,Freestone,TX,48161
2629,Frio,TX,48163
2630,Gaines,TX,48165
2631,Galveston,TX,48167
2632,Garza,TX,48169
2633,Gillespie,TX,48171
2634,Glasscock,TX,48173
2635,Goliad,TX,48175
2636,Gonzales,TX,48177
2637,Gray,TX,48179
2638,Grayson,TX,48181
2639,Gregg,TX,48183
2640,Grimes,TX,48185
2641,Guadalupe,TX,48187
2642,Hale,TX,48189
2643,Hall,TX,48191
2644,Hamilton,TX,48193
2645,Hansford,TX,48195
2646,Hardeman,TX,48197
2647,Hardin,TX,48199
2648,Harris,TX,48201
2649,Harrison,TX,48203
2650,Hartley,TX,48205
2651,Haskell,TX,48207
2652,Hays,TX,48209
2653,Hemphill,TX,48211
2654,Henderson,TX,48213
2655,Hidalgo,TX,48215
2656,Hill,TX,48217
2657,Hockley,TX,48219
2658,Hood,TX,48221
2659,Hopkins,TX,48223
2660,Houston,TX,48225
2661,Howard,TX,48227
2662,Hudspeth,TX,48229
2663,Hunt,TX,48231
2664,Hutchinson,TX,48233
2665,Irion,TX,48235
2666,Jack,TX,48237
2667,Jackson,TX,48239
2668,Jasper,TX,48241
2669,Jeff Davis,TX,48243
2670,Jefferson,TX,48245
2671,Jim Hogg,TX,48247
2672,Jim Wells,TX,48249
2673,Johnson,TX,48251
2674,Jones,TX,48253
2675,Karnes,TX,48255
2676,Kaufman,TX,48257
2677,Kendall,TX,48259
2678,Kenedy,TX,48261
2679,Kent,TX,48263
2680,Kerr,TX,48265
2681,Kimble,TX,48267
2682,King,TX,48269
2683,Kinney,TX,48271
2684,Kleberg,TX,48273
2685,Knox,TX,48275
2686,Lamar,TX,48277
2687,Lamb,TX,48279
2688,Lampasas,TX,48281
2689,La Salle,TX,48283
2690,Lavaca,TX,48285
2691,Lee,TX,48287
2692,Leon,TX,48289
2693,Liberty,TX,48291
2694,Limestone,TX,48293
2695,Lipscomb,TX,48295
2696,Live Oak,TX,48297
2697,Llano,TX,48299
2698,Loving,TX,48301
2699,Lubbock,TX,48303
2700,Lynn,TX,48305
2701,McCulloch,TX,48307
2702,McLennan,TX,48309
2703,McMullen,TX,48311
2704,Madison,TX,48313
2705,Marion,TX,48315
2706,Martin,TX,48317
2707,Mason,TX,48319
2708,Matagorda,TX,48321
2709,Maverick,TX,48323
2710,Medina,TX,48325
2711,Menard,TX,48327
2712,Midland,TX,48329
2713,Milam,TX,48331
2714,Mills,TX,48333
2715,Mitchell,TX,48335
2716,Montague,TX,48337
2717,Montgomery,TX,48339
2718,Moore,TX,48341
2719,Morris,TX,48343
2720,Motley,TX,48345
2721,Nacogdoches,TX,48347
2722,Navarro,TX,48349
2723,Newton,TX,48351
2724,Nolan,TX,48353
2725,Nueces,TX,48355
2726,Ochiltree,TX,48357
2727,Oldham,TX,48359
2728,Orange,TX,48361
2729,Palo Pinto,TX,48363
2730,Panola,TX,48365
2731,Parker,TX,48367
2732,Parmer,TX,48369
2733,Pecos,TX,48371
2734,Polk,TX,48373
2735,Potter,TX,48375
2736,Presidio,TX,48377
2737,Rains,TX,48379
2738,Randall,TX,48381
2739,Reagan,TX,48383
2740,Real,TX,48385
2741,Red River,TX,48387
2742,Reeves,TX,48389
2743,Refugio,TX,48391
2744,Roberts,TX,48393
2745,Robertson,TX,48395
2746,Rockwall,TX,48397
2747,Runnels,TX,48399
2748,Rusk,TX,48401
2749,Sabine,TX,48403
2750,San Augustine,TX,48405
2751,San Jacinto,TX,48407
2752,San Patricio,TX,48409
2753,San Saba,TX,48411
2754,Schleicher,TX,48413
2755,Scurry,TX,48415
2756,Shackelford,TX,48417
2757,Shelby,TX,48419
2758,Sherman,TX,48421
2759,Smith,TX,48423
2760,Somervell,TX,48425
2761,Starr,TX,48427
2762,Stephens,TX,48429
2763,Sterling,TX,48431
2764,Stonewall,TX,48433
2765,Sutton,TX,48435
2766,Swisher,TX,48437
2767,Tarrant,TX,48439
2768,Taylor,TX,48441
2769,Terrell,TX,48443
2770,Terry,TX,48445
2771,Throckmorton,TX,48447
2772,Titus,TX,48449
2773,Tom Green,TX,48451
2774,Travis,TX,48453
2775,Trinity,TX,48455
2776,Tyler,TX,48457
2777,Upshur,TX,48459
2778,Upton,TX,48461
2779,Uvalde,TX,48463
2780,Val Verde,TX,48465
2781,Van Zandt,TX,48467
2782,Victoria,TX,48469
2783,Walker,TX,48471
2784,Waller,TX,48473
2785,Ward,TX,48475
2786,Washington,TX,48477
2787,Webb,TX,48479
2788,Wharton,TX,48481
2789,Wheeler,TX,48483
2790,Wichita,TX,48485
2791,Wilbarger,TX,48487
2792,Willacy,TX,48489
2793,Williamson,TX,48491
2794,Wilson,TX,48493
2795,Winkler,TX,48495
2796,Wise,TX,48497
2797,Wood,TX,48499
2798,Yoakum,TX,48501
2799,Young,TX,48503
2800,Zapata,TX,48505
2801,Zavala,TX,48507
2802,Beaver,UT,49001
2803,Box Elder,UT,49003
2804,Cache,UT,49005
2805,Carbon,UT,49007
2806,Daggett,UT,49009
2807,Davis,UT,49011
2808,Duchesne,UT,49013
2809,Emery,UT,49015
2810,Garfield,UT,49017
2811,Grand,UT,49019
2812,Iron,UT,49021
2813,Juab,UT,49023
2814,Kane,UT,49025
2815,Millard,UT,49027
2816,Morgan,UT,49029
2817,Piute,UT,49031
2818,Rich,UT,49033
2819,Salt Lake,UT,49035
2820,San Juan,UT,49037
2821,Sanpete,UT,49039
2822,Sevier,UT,49041
2823,Summit,UT,49043
2824,Tooele,UT,49045
2825,Uintah,UT,49047
2826,Utah,UT,49049
2827,Wasatch,UT,49051
2828,Washington,UT,49053
2829,Wayne,UT,49055
2830,Weber,UT,49057
2831,Addison,VT,50001
2832,Bennington,VT,50003
2833,Caledonia,VT,50005
2834,Chittenden,VT,50007
2835,Essex,VT,50009
2836,Franklin,VT,50011
2837,Grand Isle,VT,50013
2838,Lamoille,VT,50015
2839,Orange,VT,50017
2840,Orleans,VT,50019
2841,Rutland,VT,50021
2842,Washington,VT,50023
2843,Windham,VT,50025
2844,Windsor,VT,50027
2845,Accomack,VA,51001
2846,Amelia,VA,51007
2847,Amherst,VA,51009
2848,Appomattox,VA,51011
2849,Arlington,VA,51013
2850,Bath,VA,51017
2851,Bedford,VA,51019
2852,Bland,VA,51021
2853,Botetourt,VA,51023
2854,Brunswick,VA,51025
2855,Buchanan,VA,51027
2856,Buckingham,VA,51029
2857,Caroline,VA,51033
2858,Charles City,VA,51036
2859,Charlotte,VA,51037
2860,Chesterfield,VA,51041
2861,Clarke,VA,51043
2862,Craig,VA,51045
2863,Culpeper,VA,51047
2864,Cumberland,VA,51049
2865,Dickenson,VA,51051
2866,Essex,VA,51057
2867,Fauquier,VA,51061
2868,Floyd,VA,51063
2869,Fluvanna,VA,51065
2870,Franklin,VA,51067
2871,Giles,VA,51071
2872,Gloucester,VA,51073
2873,Goochland,VA,51075
2874,Grayson,VA,51077
2875,Greene,VA,51079
2876,Halifax,VA,51083
2877,Hanover,VA,51085
2878,Henrico,VA,51087
2879,Highland,VA,51091
2880,Isle of Wight,VA,51093
2881,King and Queen,VA,51097
2882,King George,VA,51099
2883,King William,VA,51101
2884,Lancaster,VA,51103
2885,Lee,VA,51105
2886,Loudoun,VA,51107
2887,Louisa,VA,51109
2888,Lunenburg,VA,51111
2889,Madison,VA,51113
2890,Mathews,VA,51115
2891,Mecklenburg,VA,51117
2892,Middlesex,VA,51119
2893,Nelson,VA,51125
2894,New Kent,VA,51127
2895,Northampton,VA,51131
2896,Northumberland,VA,51133
2897,Nottoway,VA,51135
2898,Orange,VA,51137
2899,Page,VA,51139
2900,Patrick,VA,51141
2901,Powhatan,VA,51145
2902,Prince Edward,VA,51147
2903,Pulaski,VA,51155
2904,Rappahannock,VA,51157
2905,Richmond,VA,51159
2906,Russell,VA,51167
2907,Scott,VA,51169
2908,Shenandoah,VA,51171
2909,Smyth,VA,51173
2910,Stafford,VA,51179
2911,Surry,VA,51181
2912,Sussex,VA,51183
2913,Tazewell,VA,51185
2914,Warren,VA,51187
2915,Westmoreland,VA,51193
2916,Wythe,VA,51197
2917,Alexandria (Independent City),VA,51510
2918,Chesapeake (Independent City),VA,51550
2919,Hampton (Independent City),VA,51650
2920,Newport News (Independent City),VA,51700
2921,Norfolk (Independent City),VA,51710
2922,Portsmouth (Independent City),VA,51740
2923,Richmond (Independent City),VA,51760
2924,Roanoke (Independent City),VA,51770
2925,Suffolk (Independent City),VA,51800
2926,Virginia Beach (Independent City),VA,51810
2927,Albemarle + Charlottesville,VA,51901
2928,Alleghany + Covington,VA,51903
2929,"Augusta, Staunton + Waynesboro",VA,51907
2930,Campbell + Lynchburg,VA,51911
2931,Carroll + Galax,VA,51913
2932,"Dinwiddie, Colonial Heights + Petersburg",VA,51918
2933,"Fairfax, Fairfax City + Falls Church",VA,51919
2934,Frederick + Winchester,VA,51921
2935,Greensville + Emporia,VA,51923
2936,Henry + Martinsville,VA,51929
2937,James City + Williamsburg,VA,51931
2938,Montgomery + Radford,VA,51933
2939,Pittsylvania + Danville,VA,51939
2940,Prince George + Hopewell,VA,51941
2941,"Prince William, Manassas + Manassas Park",VA,51942
2942,Roanoke + Salem,VA,51944
2943,"Rockbridge, Buena Vista + Lexington",VA,51945
2944,Rockingham + Harrisonburg,VA,51947
2945,Southampton + Franklin,VA,51949
2946,Spotsylvania + Fredericksburg,VA,51951
2947,Washington + Bristol,VA,51953
2948,Wise + Norton,VA,51955
2949,York + Poquoson,VA,51958
2950,Adams,WA,53001
2951,Asotin,WA,53003
2952,Benton,WA,53005
2953,Chelan,WA,53007
2954,Clallam,WA,53009
2955,Clark,WA,53011
2956,Columbia,WA,53013
2957,Cowlitz,WA,53015
2958,Douglas,WA,53017
2959,Ferry,WA,53019
2960,Franklin,WA,53021
2961,Garfield,WA,53023
2962,Grant,WA,53025
2963,Grays Harbor,WA,53027
2964,Island,WA,53029
2965,Jefferson,WA,53031
2966,King,WA,53033
2967,Kitsap,WA,53035
2968,Kittitas,WA,53037
2969,Klickitat,WA,53039
2970,Lewis,WA,53041
2971,Lincoln,WA,53043
2972,Mason,WA,53045
2973,Okanogan,WA,53047
2974,Pacific,WA,53049
2975,Pend Oreille,WA,53051
2976,Pierce,WA,53053
2977,San Juan,WA,53055
2978,Skagit,WA,53057
2979,Skamania,WA,53059
2980,Snohomish,WA,53061
2981,Spokane,WA,53063
2982,Stevens,WA,53065
2983,Thurston,WA,53067
2984,Wahkiakum,WA,53069
2985,Walla Walla,WA,53071
2986,Whatcom,WA,53073
2987,Whitman,WA,53075
2988,Yakima,WA,53077
2989,Barbour,WV,54001
2990,Berkeley,WV,54003
2991,Boone,WV,54005
2992,Braxton,WV,54007
2993,Brooke,WV,54009
2994,Cabell,WV,54011
2995,Calhoun,WV,54013
2996,Clay,WV,54015
2997,Doddridge,WV,54017
2998,Fayette,WV,54019
2999,Gilmer,WV,54021
3000,Grant,WV,54023
3001,Greenbrier,WV,54025
3002,Hampshire,WV,54027
3003,Hancock,WV,54029
3004,Hardy,WV,54031
3005,Harrison,WV,54033
3006,Jackson,WV,54035
3007,Jefferson,WV,54037
3008,Kanawha,WV,54039
3009,Lewis,WV,54041
3010,Lincoln,WV,54043
3011,Logan,WV,54045
3012,McDowell,WV,54047
3013,Marion,WV,54049
3014,Marshall,WV,54051
3015,Mason,WV,54053
3016,Mercer,WV,54055
3017,Mineral,WV,54057
3018,Mingo,WV,54059
3019,Monongalia,WV,54061
3020,Monroe,WV,54063
3021,Morgan,WV,54065
3022,Nicholas,WV,54067
3023,Ohio,WV,54069
3024,Pendleton,WV,54071
3025,Pleasants,WV,54073
3026,Pocahontas,WV,54075
3027,Preston,WV,54077
3028,Putnam,WV,54079
3029,Raleigh,WV,54081
3030,Randolph,WV,54083
3031,Ritchie,WV,54085
3032,Roane,WV,54087
3033,Summers,WV,54089
3034,Taylor,WV,54091
3035,Tucker,WV,54093
3036,Tyler,WV,54095
3037,Upshur,WV,54097
3038,Wayne,WV,54099
3039,Webster,WV,54101
3040,Wetzel,WV,54103
3041,Wirt,WV,54105
3042,Wood,WV,54107
3043,Wyoming,WV,54109
3044,Adams,WI,55001
3045,Ashland,WI,55003
3046,Barron,WI,55005
3047,Bayfield,WI,55007
3048,Brown,WI,55009
3049,Buffalo,WI,55011
3050,Burnett,WI,55013
3051,Calumet,WI,55015
3052,Chippewa,WI,55017
3053,Clark,WI,55019
3054,Columbia,WI,55021
3055,Crawford,WI,55023
3056,Dane,WI,55025
3057,Dodge,WI,55027
3058,Door,WI,55029
3059,Douglas,WI,55031
3060,Dunn,WI,55033
3061,Eau Claire,WI,55035
3062,Florence,WI,55037
3063,Fond du Lac,WI,55039
3064,Forest,WI,55041
3065,Grant,WI,55043
3066,Green,WI,55045
3067,Green Lake,WI,55047
3068,Iowa,WI,55049
3069,Iron,WI,55051
3070,Jackson,WI,55053
3071,Jefferson,WI,55055
3072,Juneau,WI,55057
3073,Kenosha,WI,55059
3074,Kewaunee,WI,55061
3075,La Crosse,WI,55063
3076,Lafayette,WI,55065
3077,Langlade,WI,55067
3078,Lincoln,WI,55069
3079,Manitowoc,WI,55071
3080,Marathon,WI,55073
3081,Marinette,WI,55075
3082,Marquette,WI,55077
3083,Menominee,WI,55078
3084,Milwaukee,WI,55079
3085,Monroe,WI,55081
3086,Oconto,WI,55083
3087,Oneida,WI,55085
3088,Outagamie,WI,55087
3089,Ozaukee,WI,55089
3090,Pepin,WI,55091
3091,Pierce,WI,55093
3092,Polk,WI,55095
3093,Portage,WI,55097
3094,Price,WI,55099
3095,Racine,WI,55101
3096,Richland,WI,55103
3097,Rock,WI,55105
3098,Rusk,WI,55107
3099,St. Croix,WI,55109
3100,Sauk,WI,55111
3101,Sawyer,WI,55113
3102,Shawano,WI,55115
3103,Sheboygan,WI,55117
3104,Taylor,WI,55119
3105,Trempealeau,WI,55121
3106,Vernon,WI,55123
3107,Vilas,WI,55125
3108,Walworth,WI,55127
3109,Washburn,WI,55129
3110,Washington,WI,55131
3111,Waukesha,WI,55133
3112,Waupaca,WI,55135
3113,Waushara,WI,55137
3114,Winnebago,WI,55139
3115,Wood,WI,55141
3116,Shawano (includes Menominee),WI,55901
3117,Albany,WY,56001
3118,Big Horn,WY,56003
3119,Campbell,WY,56005
3120,Carbon,WY,56007
3121,Converse,WY,56009
3122,Crook,WY,56011
3123,Fremont,WY,56013
3124,Goshen,WY,56015
3125,Hot Springs,WY,56017
3126,Johnson,WY,56019
3127,Laramie,WY,56021
3128,Lincoln,WY,56023
3129,Natrona,WY,56025
3130,Niobrara,WY,56027
3131,Park,WY,56029
3132,Platte,WY,56031
3133,Sheridan,WY,56033
3134,Sublette,WY,56035
3135,Sweetwater,WY,56037
3136,Teton,WY,56039
3137,Uinta,WY,56041
3138,Washakie,WY,56043
3139,Weston,WY,56045
